block_number,transaction_index,log_index,transaction_hash,erc20,from_address,to_address,value_binary,value_string,value_f64,chain_id
22816639,0,1,0x51bd3b9553684ec8abb968c411b163b44c48155a1114a0334a32957fb2d766bb,0xc02aaa39b223fe8d0a0e5c4f27ead9083c756cc2,0x7518994dcf289ee68c1a1a27c61690c8eaba5f91,0x80a64c6d7f12c47b7c66c5b4e20e72bc1fcd5d9e,0x000000000000000000000000000000000000000000000000026d772b5ab7a5ac,174926988626601388,1.7492698862660138e17,1
22816639,0,2,0x51bd3b9553684ec8abb968c411b163b44c48155a1114a0334a32957fb2d766bb,0x69d0c8d36f30cbac672f64445ee27d81823ed1f7,0xa53476642994ada66e59e7cc9f7754a3862a44c2,0x7518994dcf289ee68c1a1a27c61690c8eaba5f91,0x0000000000000000000000000000000000000000001626abc7d70c09eca665ff,26778986751099062999999999,2.6778986751099063e25,1
22816639,1,6,0x1844ff32ca39561757ab8c565ef0601334716d03e9266969ea9ea63e9e27e1ad,0xc02aaa39b223fe8d0a0e5c4f27ead9083c756cc2,0x7518994dcf289ee68c1a1a27c61690c8eaba5f91,0x80a64c6d7f12c47b7c66c5b4e20e72bc1fcd5d9e,0x0000000000000000000000000000000000000000000000000342e60e86c04510,235003080641365264,2.3500308064136525e17,1
22816639,1,7,0x1844ff32ca39561757ab8c565ef0601334716d03e9266969ea9ea63e9e27e1ad,0x69d0c8d36f30cbac672f64445ee27d81823ed1f7,0x7c563c8cfdf21d6b272672a2e3a020d3ba04cb32,0x7518994dcf289ee68c1a1a27c61690c8eaba5f91,0x000000000000000000000000000000000000000000220838b6295c69350742b2,41142302942552672715621042,4.114230294255268e25,1
22816639,2,11,0x17f72bad614b507c554909ee3b8b0973db1fd981adef2c9a4471605929e2f128,0xc02aaa39b223fe8d0a0e5c4f27ead9083c756cc2,0x80a64c6d7f12c47b7c66c5b4e20e72bc1fcd5d9e,0x80a64c6d7f12c47b7c66c5b4e20e72bc1fcd5d9e,0x00000000000000000000000000000000000000000000000002c68af0bb140000,200000000000000000,2e17,1
22816639,2,12,0x17f72bad614b507c554909ee3b8b0973db1fd981adef2c9a4471605929e2f128,0x6908f485c04b8388377ad1a320cb735c2d2d4ac0,0x6445c0318e45e2249a6df18bd4b5399b14e96374,0x0c359d16ef4e2f6bd5cb60fada008bf76b244773,0x00000000000000000000000000000000000000000005915d2fe60774a88f828d,6731091236742461469459085,6.731091236742462e24,1
22816639,2,13,0x17f72bad614b507c554909ee3b8b0973db1fd981adef2c9a4471605929e2f128,0xc02aaa39b223fe8d0a0e5c4f27ead9083c756cc2,0x80a64c6d7f12c47b7c66c5b4e20e72bc1fcd5d9e,0x6445c0318e45e2249a6df18bd4b5399b14e96374,0x00000000000000000000000000000000000000000000000002c68af0bb140000,200000000000000000,2e17,1
22816639,3,16,0xb4d75c71e01a21eefe7cf164384c56665db4c17b2a309d1d143c7bb3b0dbbd0a,0xc02aaa39b223fe8d0a0e5c4f27ead9083c756cc2,0x80a64c6d7f12c47b7c66c5b4e20e72bc1fcd5d9e,0x80a64c6d7f12c47b7c66c5b4e20e72bc1fcd5d9e,0x00000000000000000000000000000000000000000000000002c68af0bb140000,200000000000000000,2e17,1
22816639,3,17,0xb4d75c71e01a21eefe7cf164384c56665db4c17b2a309d1d143c7bb3b0dbbd0a,0x698abc527d583a57b6f9c4bb228b06c2b9abeec1,0x033c765dbd4572ceae2addab35e886de4bb90f09,0xadcf97e4dcaff128c15c9f422f15ba04090aef3f,0x00000000000000000000000000000000000000000022810a48a07905b774cb16,41712852843944145732291350,4.171285284394415e25,1
22816639,3,18,0xb4d75c71e01a21eefe7cf164384c56665db4c17b2a309d1d143c7bb3b0dbbd0a,0xc02aaa39b223fe8d0a0e5c4f27ead9083c756cc2,0x80a64c6d7f12c47b7c66c5b4e20e72bc1fcd5d9e,0x033c765dbd4572ceae2addab35e886de4bb90f09,0x00000000000000000000000000000000000000000000000002c68af0bb140000,200000000000000000,2e17,1
22816639,4,21,0x4ea39228bbb90078a3eaeb31621910f376776284fd79a8c19f49ad88403d617f,0xc02aaa39b223fe8d0a0e5c4f27ead9083c756cc2,0x80a64c6d7f12c47b7c66c5b4e20e72bc1fcd5d9e,0x80a64c6d7f12c47b7c66c5b4e20e72bc1fcd5d9e,0x000000000000000000000000000000000000000000000000016345785d8a0000,100000000000000000,1e17,1
22816639,4,22,0x4ea39228bbb90078a3eaeb31621910f376776284fd79a8c19f49ad88403d617f,0x6908f485c04b8388377ad1a320cb735c2d2d4ac0,0x6445c0318e45e2249a6df18bd4b5399b14e96374,0xf03ac80dce48957f09b8355793a41c6b58154d67,0x00000000000000000000000000000000000000000002aa06188acd64d26bf454,3220766390233176900105300,3.220766390233177e24,1
22816639,4,23,0x4ea39228bbb90078a3eaeb31621910f376776284fd79a8c19f49ad88403d617f,0xc02aaa39b223fe8d0a0e5c4f27ead9083c756cc2,0x80a64c6d7f12c47b7c66c5b4e20e72bc1fcd5d9e,0x6445c0318e45e2249a6df18bd4b5399b14e96374,0x000000000000000000000000000000000000000000000000016345785d8a0000,100000000000000000,1e17,1
22816639,5,26,0x1bfe538e461cf04794c908c9f8a126eab49b09951b9bf9ee55a1da2029b11ca6,0xc02aaa39b223fe8d0a0e5c4f27ead9083c756cc2,0x80a64c6d7f12c47b7c66c5b4e20e72bc1fcd5d9e,0x80a64c6d7f12c47b7c66c5b4e20e72bc1fcd5d9e,0x00000000000000000000000000000000000000000000000000b1a2bc2ec50000,50000000000000000,5e16,1
22816639,5,27,0x1bfe538e461cf04794c908c9f8a126eab49b09951b9bf9ee55a1da2029b11ca6,0x698d9093e21325deeee4ab0a3ace47e366a08555,0xcb3e83055c83591973e058c3f775e78e4e569b27,0x0260bb4a2825bfee480bfe95f7bd6445cea59be7,0x00000000000000000000000000000000000000000005e5eeda0c725ec0c7dc89,7130457059798788776385673,7.130457059798789e24,1
22816639,5,28,0x1bfe538e461cf04794c908c9f8a126eab49b09951b9bf9ee55a1da2029b11ca6,0xc02aaa39b223fe8d0a0e5c4f27ead9083c756cc2,0x80a64c6d7f12c47b7c66c5b4e20e72bc1fcd5d9e,0xcb3e83055c83591973e058c3f775e78e4e569b27,0x00000000000000000000000000000000000000000000000000b1a2bc2ec50000,50000000000000000,5e16,1
22816639,6,31,0xf2be1849e97b0de4684498be3b780e0c390723e291c3124e99ce93527e3ee691,0xc02aaa39b223fe8d0a0e5c4f27ead9083c756cc2,0x80a64c6d7f12c47b7c66c5b4e20e72bc1fcd5d9e,0x80a64c6d7f12c47b7c66c5b4e20e72bc1fcd5d9e,0x00000000000000000000000000000000000000000000000002c68af0bb140000,200000000000000000,2e17,1
22816639,6,32,0xf2be1849e97b0de4684498be3b780e0c390723e291c3124e99ce93527e3ee691,0x81ba3931816759d3fbb4a98a448a0dfdcd2a89bc,0xec215dfc360c2cfe3447467e8966336498dfac35,0x79f46e1d27f8d0499c480f4f42fbefb36d9e77bc,0x000000000000000000000000000000000000000000002c8c38cb3fe941ff5b38,210370761851541190040376,2.103707618515412e23,1
22816639,6,33,0xf2be1849e97b0de4684498be3b780e0c390723e291c3124e99ce93527e3ee691,0xc02aaa39b223fe8d0a0e5c4f27ead9083c756cc2,0x80a64c6d7f12c47b7c66c5b4e20e72bc1fcd5d9e,0xec215dfc360c2cfe3447467e8966336498dfac35,0x00000000000000000000000000000000000000000000000002c68af0bb140000,200000000000000000,2e17,1
22816639,7,36,0x5ed0c33929ced10ef7ac28774c4b967b68c064db90ca8ca58fb8e77d9d9ec370,0xc02aaa39b223fe8d0a0e5c4f27ead9083c756cc2,0x80a64c6d7f12c47b7c66c5b4e20e72bc1fcd5d9e,0x80a64c6d7f12c47b7c66c5b4e20e72bc1fcd5d9e,0x00000000000000000000000000000000000000000000000001f161421c8e0014,140000000000000020,1.4000000000000002e17,1
22816639,7,37,0x5ed0c33929ced10ef7ac28774c4b967b68c064db90ca8ca58fb8e77d9d9ec370,0x6908f485c04b8388377ad1a320cb735c2d2d4ac0,0x6445c0318e45e2249a6df18bd4b5399b14e96374,0xe7e7b279df51e0d4fd68a06faf754f8b2267a9a4,0x000000000000000000000000000000000000000000039a9eb5fd5fd6d64e30f8,4356949596512525292024056,4.3569495965125255e24,1
22816639,7,38,0x5ed0c33929ced10ef7ac28774c4b967b68c064db90ca8ca58fb8e77d9d9ec370,0xc02aaa39b223fe8d0a0e5c4f27ead9083c756cc2,0x80a64c6d7f12c47b7c66c5b4e20e72bc1fcd5d9e,0x6445c0318e45e2249a6df18bd4b5399b14e96374,0x00000000000000000000000000000000000000000000000001f161421c8e0014,140000000000000020,1.4000000000000002e17,1
22816639,11,44,0x83ab927d8c4d4bc9422795b607d09b8e92ceedf76e48ed7318e9ab808d2e6b37,0xc02aaa39b223fe8d0a0e5c4f27ead9083c756cc2,0x7a250d5630b4cf539739df2c5dacb4c659f2488d,0xe5964ace45aacd01cf5f97ec93ee782878c121d7,0x00000000000000000000000000000000000000000000000004cf03ea06ac4000,346500000000000000,3.465e17,1
22816639,11,45,0x83ab927d8c4d4bc9422795b607d09b8e92ceedf76e48ed7318e9ab808d2e6b37,0x182cb4588c8042aed9860ba0ec7f4f05102ff191,0xe5964ace45aacd01cf5f97ec93ee782878c121d7,0xae0c12968eb0d8a97e868bda98569a7bb1796fb4,0x00000000000000000000000000000000000000000000000150facb697ab8f240,24281943994812396096,2.4281943994812396e19,1
22816639,12,49,0x5c668414051cc156af9e29e5c4f688e3c15c3ee92c931db7524d2544fe1c7572,0xc02aaa39b223fe8d0a0e5c4f27ead9083c756cc2,0x7a250d5630b4cf539739df2c5dacb4c659f2488d,0x00ed47ce6b6459316fd5aa87fcab8282bb937b33,0x00000000000000000000000000000000000000000000000000afdbfcdc61c000,49500000000000000,4.95e16,1
22816639,12,50,0x5c668414051cc156af9e29e5c4f688e3c15c3ee92c931db7524d2544fe1c7572,0x10eef9176deb93f15a18a042087fd80dc9cfc746,0x00ed47ce6b6459316fd5aa87fcab8282bb937b33,0xa227493c7c8ac4e9cd9b6ecad0d95179b9ae7537,0x0000000000000000000000000000000000000000000000000005f547f725b27f,1677064321479295,1677064321479295.0,1
22816639,13,53,0x8e6ed880dafe59dbd032633537067e856d44f6892d319734cbabf978b2868b3e,0xc02aaa39b223fe8d0a0e5c4f27ead9083c756cc2,0x033c765dbd4572ceae2addab35e886de4bb90f09,0x3328f7f4a1d1c57c35df56bbf0c9dcafca309c49,0x00000000000000000000000000000000000000000000000000cd75b9563c8b02,57831809101892354,5.783180910189235e16,1
22816639,13,54,0x8e6ed880dafe59dbd032633537067e856d44f6892d319734cbabf978b2868b3e,0x698abc527d583a57b6f9c4bb228b06c2b9abeec1,0x1f8364872ee9c62115a7627407a15c79bea418f1,0x033c765dbd4572ceae2addab35e886de4bb90f09,0x00000000000000000000000000000000000000000009a8881df0ff2ed645896c,11676200860352585606203756,1.1676200860352586e25,1
22816639,14,61,0x3ac80227d7ac1610e36895eda77baa5a6b378cd5227712aad8980887b8689bff,0x698d9093e21325deeee4ab0a3ace47e366a08555,0xcb3e83055c83591973e058c3f775e78e4e569b27,0xcd8a6fc7ffd1369e566ab8985d06c48445441208,0x000000000000000000000000000000000000000000039525e6c4b2e577194498,4331109222934614688482456,4.331109222934615e24,1
22816639,14,62,0x3ac80227d7ac1610e36895eda77baa5a6b378cd5227712aad8980887b8689bff,0xc02aaa39b223fe8d0a0e5c4f27ead9083c756cc2,0x3fc91a3afd70395cd496c647d5a6cc9d4b2b7fad,0xcb3e83055c83591973e058c3f775e78e4e569b27,0x000000000000000000000000000000000000000000000000006e9405c8a25000,31125000000000000,3.1125e16,1
22816639,16,65,0xc1b5f942e12fa93fe5488349ca0d9bdb44b78374a40100d966bd5c30bd6a1e38,0x6982508145454ce325ddbe47a25d4ec3d2311933,0x4adbb60f53c77a36ad0551f8cbd83df57877ce1b,0x74de5d4fcbf63e00296fd95d33236b9794016631,0x000000000000000000000000000000000000000000208b8278eb567a06c564f6,39344441958669582694966518,3.934444195866958e25,1
22816639,16,67,0xc1b5f942e12fa93fe5488349ca0d9bdb44b78374a40100d966bd5c30bd6a1e38,0x6982508145454ce325ddbe47a25d4ec3d2311933,0x74de5d4fcbf63e00296fd95d33236b9794016631,0x5141b82f5ffda4c6fe1e372978f1c5427640a190,0x00000000000000000000000000000000000000000020429be4057047adc07799,39000178091531223846385561,3.9000178091531225e25,1
22816639,16,70,0xc1b5f942e12fa93fe5488349ca0d9bdb44b78374a40100d966bd5c30bd6a1e38,0xc02aaa39b223fe8d0a0e5c4f27ead9083c756cc2,0x67336cec42645f55059eff241cb02ea5cc52ff86,0x5141b82f5ffda4c6fe1e372978f1c5427640a190,0x000000000000000000000000000000000000000000000000022ae3b9212c4d02,156187521362709762,1.5618752136270976e17,1
22816639,16,71,0xc1b5f942e12fa93fe5488349ca0d9bdb44b78374a40100d966bd5c30bd6a1e38,0x6982508145454ce325ddbe47a25d4ec3d2311933,0x5141b82f5ffda4c6fe1e372978f1c5427640a190,0x67336cec42645f55059eff241cb02ea5cc52ff86,0x00000000000000000000000000000000000000000020429be4057047adc07799,39000178091531223846385561,3.9000178091531225e25,1
22816639,16,76,0xc1b5f942e12fa93fe5488349ca0d9bdb44b78374a40100d966bd5c30bd6a1e38,0x27054b13b1b798b345b591a4d22e6562d47ea75a,0x000000000004444c5dc75cb358380d2e3de08a90,0x1111111254eeb25477b68fb85ed929f73a960582,0x0000000000000000000000000000000000000000000000000000000005105fb7,84959159,84959159.0,1
22816639,16,77,0xc1b5f942e12fa93fe5488349ca0d9bdb44b78374a40100d966bd5c30bd6a1e38,0x27054b13b1b798b345b591a4d22e6562d47ea75a,0x1111111254eeb25477b68fb85ed929f73a960582,0x74de5d4fcbf63e00296fd95d33236b9794016631,0x0000000000000000000000000000000000000000000000000000000005105fb7,84959159,84959159.0,1
22816639,16,78,0xc1b5f942e12fa93fe5488349ca0d9bdb44b78374a40100d966bd5c30bd6a1e38,0x6982508145454ce325ddbe47a25d4ec3d2311933,0x74de5d4fcbf63e00296fd95d33236b9794016631,0x4acb6c4321253548a7d4bb9c84032cc4ee04bfd7,0x0000000000000000000000000000000000000000000048e694e5e6325904ed5d,344263867138358848580957,3.442638671383588e23,1
22816639,16,79,0xc1b5f942e12fa93fe5488349ca0d9bdb44b78374a40100d966bd5c30bd6a1e38,0x27054b13b1b798b345b591a4d22e6562d47ea75a,0x74de5d4fcbf63e00296fd95d33236b9794016631,0x4adbb60f53c77a36ad0551f8cbd83df57877ce1b,0x0000000000000000000000000000000000000000000000000000000005105fb7,84959159,84959159.0,1
22816639,17,81,0x5354cb7c2310ad20bb02c2024f1c93b133b5d49630e3204c878ee403a54f8e63,0x817162975186d4d53dbf5a7377dd45376e2d2fc5,0x7a0c2e032231499295b722f83692059cb6e3b5b5,0xbe69eb8ee10b3b51f9cdb4aa0d4c7fe83971a650,0x0000000000000000000000000000000000000000000004c754a49cfdd2466e09,22566467174556116610569,2.2566467174556116e22,1
22816639,17,82,0x5354cb7c2310ad20bb02c2024f1c93b133b5d49630e3204c878ee403a54f8e63,0xdac17f958d2ee523a2206206994597c13d831ec7,0xbe69eb8ee10b3b51f9cdb4aa0d4c7fe83971a650,0x0d4a11d5eeaac28ec3f61d100daf4d40471f1852,0x0000000000000000000000000000000000000000000000000000000022ca9749,583702345,583702345.0,1
22816639,17,85,0x5354cb7c2310ad20bb02c2024f1c93b133b5d49630e3204c878ee403a54f8e63,0xc02aaa39b223fe8d0a0e5c4f27ead9083c756cc2,0x0d4a11d5eeaac28ec3f61d100daf4d40471f1852,0x66a9893cc07d91d95644aedd05d03f95e1dba8af,0x000000000000000000000000000000000000000000000000034a058cbe6d9d0a,237008032438787338,2.3700803243878733e17,1
22816639,17,88,0x5354cb7c2310ad20bb02c2024f1c93b133b5d49630e3204c878ee403a54f8e63,0xc02aaa39b223fe8d0a0e5c4f27ead9083c756cc2,0x66a9893cc07d91d95644aedd05d03f95e1dba8af,0x000000fee13a103a10d593b9ae06b3e05f2e7e1c,0x00000000000000000000000000000000000000000000000000021ae4d4f4c108,592520081096968,592520081096968.0,1
22816639,18,90,0x30e768f3f518a63ed2ae6fd1fb96df92c810e63fc4514d7218651f284fa19752,0xc9ebb2c9b9e5059a85615c743cc927db507cfdaf,0x0000000000000000000000000000000000000000,0x5499e10c9fed70a5ce742b2cd3e13226c66298d4,0x0000000000000000000000000000000000000000033b2e3c9fd0803ce8000000,1000000000000000000000000000,1e27,1
22816639,19,91,0x8f74473be082ca477a292cd8fdbd561a7334cd8e0f2120d295d66d78f508eb1a,0xc02aaa39b223fe8d0a0e5c4f27ead9083c756cc2,0x410ae7b2af6c73226927b64b03bc8c6919d4039a,0x3328f7f4a1d1c57c35df56bbf0c9dcafca309c49,0x00000000000000000000000000000000000000000000000001623a87f26b35b4,99706497317680564,9.970649731768056e16,1
22816639,19,92,0x8f74473be082ca477a292cd8fdbd561a7334cd8e0f2120d295d66d78f508eb1a,0xc4d68acfdf0160cb8f21f50ea2c05926dd2b9d1d,0xd77953a80ce3cd527bada0de475c1185579abc2b,0x410ae7b2af6c73226927b64b03bc8c6919d4039a,0x0000000000000000000000000000000000000000000630ac98ccad2508ce3056,7483412359211759648518230,7.48341235921176e24,1
22816639,20,99,0x26c5a8bed8792c7ec476c53644f45f7ae1c6ce8fc64cf363a79e34aeadad2e71,0x69fa6e8f2ff28d66ebbb781d2f29f0896492568d,0x3067f8aa843702e6ef1e7336048989d642bed0f7,0x66a9893cc07d91d95644aedd05d03f95e1dba8af,0x00000000000000000000000000000000000000000000032adf9e10a1bfd8d722,14957976034508409460514,1.495797603450841e22,1
22816639,20,100,0x26c5a8bed8792c7ec476c53644f45f7ae1c6ce8fc64cf363a79e34aeadad2e71,0xc02aaa39b223fe8d0a0e5c4f27ead9083c756cc2,0x66a9893cc07d91d95644aedd05d03f95e1dba8af,0x3067f8aa843702e6ef1e7336048989d642bed0f7,0x00000000000000000000000000000000000000000000000000027ca57357c000,700000000000000,700000000000000.0,1
22816639,20,102,0x26c5a8bed8792c7ec476c53644f45f7ae1c6ce8fc64cf363a79e34aeadad2e71,0x69fa6e8f2ff28d66ebbb781d2f29f0896492568d,0x66a9893cc07d91d95644aedd05d03f95e1dba8af,0x000000fee13a103a10d593b9ae06b3e05f2e7e1c,0x00000000000000000000000000000000000000000000000206f583e1af331a23,37394940086271023651,3.7394940086271025e19,1
22816639,20,103,0x26c5a8bed8792c7ec476c53644f45f7ae1c6ce8fc64cf363a79e34aeadad2e71,0x69fa6e8f2ff28d66ebbb781d2f29f0896492568d,0x66a9893cc07d91d95644aedd05d03f95e1dba8af,0xb5ad01603a45382c128fb9b7d150d7585323ab63,0x000000000000000000000000000000000000000000000328d8a88cc010a5bcff,14920581094422138436863,1.4920581094422138e22,1
22816639,21,104,0xda91400765d8116f429296816256b183426c5abb0bfe5c03ec0c27b2cd841673,0xc02aaa39b223fe8d0a0e5c4f27ead9083c756cc2,0x0c1fcb34a27feeb32eff8452f1dfa4e1eb16111c,0x66a9893cc07d91d95644aedd05d03f95e1dba8af,0x00000000000000000000000000000000000000000000000002412ea1bf2f6030,162462333794213936,1.6246233379421395e17,1
22816639,21,105,0xda91400765d8116f429296816256b183426c5abb0bfe5c03ec0c27b2cd841673,0x883f46033947b92df4140b37386725d6e3faa69a,0x3babe03f635b7a7d756b1b10f1dd977bdcc27192,0x0c1fcb34a27feeb32eff8452f1dfa4e1eb16111c,0x00000000000000000000000000000000000000000002135e1acc5fcd25ca5efa,2509312527370385248378618,2.509312527370385e24,1
22816639,21,107,0xda91400765d8116f429296816256b183426c5abb0bfe5c03ec0c27b2cd841673,0xc02aaa39b223fe8d0a0e5c4f27ead9083c756cc2,0x66a9893cc07d91d95644aedd05d03f95e1dba8af,0x000000fee13a103a10d593b9ae06b3e05f2e7e1c,0x00000000000000000000000000000000000000000000000000017165863ceb1e,406155834485534,406155834485534.0,1
22816639,22,111,0x7d8eb563614b99d0d79ccc597582ae444ab3c6f47ace6e83d2c3064e261b6e5a,0xdac17f958d2ee523a2206206994597c13d831ec7,0xc7bbec68d12a0d1830360f8ec58fa599ba1b0e9b,0xd3c5c746a729bc3fa2f4bed50711a6fe820b3795,0x000000000000000000000000000000000000000000000000000000009ea53149,2661626185,2661626185.0,1
22816639,22,112,0x7d8eb563614b99d0d79ccc597582ae444ab3c6f47ace6e83d2c3064e261b6e5a,0xc02aaa39b223fe8d0a0e5c4f27ead9083c756cc2,0x6088d94c5a40cecd3ae2d4e0710ca687b91c61d0,0xc7bbec68d12a0d1830360f8ec58fa599ba1b0e9b,0x0000000000000000000000000000000000000000000000000f10bd3b448b75c0,1085575572447000000,1.085575572447e18,1
22816639,27,121,0xd983f619cf5eb5363dcface7846b13e603479bc99361719573e6e0e8aebab76a,0x7636d8722fdf7cd34232a915e48e96aa3eb386bf,0x97a29cae634f85b25c8ee7aeb2dec2583ba30fb1,0x83518063ae1f94376743273ad2c72199cf10d6f0,0x0000000000000000000000000000000000000000000000001d03fcfc92fc2872,2090792813757999218,2.090792813757999e18,1
22816639,28,126,0x7065b5c018397cc26612f25e71b3ea75f735755d04c6bf0ead4249a5bb96329b,0x5fefd7069a7d91d01f269dade14526ccf3487810,0x19d02acc8c4cfc19ed0483cfee08af09ce592252,0x0000000000000000000000000000000000000000,0x0000000000000000000000000000000000000000000000000000000000cc787a,13400186,13400186.0,1
22816639,28,128,0x7065b5c018397cc26612f25e71b3ea75f735755d04c6bf0ead4249a5bb96329b,0x657e8c867d8b37dcc18fa4caead9c45eb088c642,0x5fefd7069a7d91d01f269dade14526ccf3487810,0x19d02acc8c4cfc19ed0483cfee08af09ce592252,0x0000000000000000000000000000000000000000000000000000000000cc7889,13400201,13400201.0,1
22816639,29,131,0xf1f20ebb4f5820e70552a97daa06b30124b10b540f45113a1fa712a092108222,0x10eef9176deb93f15a18a042087fd80dc9cfc746,0xedc5605b1b8e330e97c955521933642e09f1ae6f,0x00ed47ce6b6459316fd5aa87fcab8282bb937b33,0x0000000000000000000000000000000000000000000000000000cffcd4632d47,228684801977671,228684801977671.0,1
22816639,29,133,0xf1f20ebb4f5820e70552a97daa06b30124b10b540f45113a1fa712a092108222,0xc02aaa39b223fe8d0a0e5c4f27ead9083c756cc2,0x00ed47ce6b6459316fd5aa87fcab8282bb937b33,0x6088d94c5a40cecd3ae2d4e0710ca687b91c61d0,0x000000000000000000000000000000000000000000000000001828c814c84538,6800239248295224,6800239248295224.0,1
22816639,29,136,0xf1f20ebb4f5820e70552a97daa06b30124b10b540f45113a1fa712a092108222,0xc02aaa39b223fe8d0a0e5c4f27ead9083c756cc2,0x6088d94c5a40cecd3ae2d4e0710ca687b91c61d0,0x5703b683c7f928b721ca95da988d73a3299d4757,0x000000000000000000000000000000000000000000000000001828c814c84538,6800239248295224,6800239248295224.0,1
22816639,31,140,0xd337ffcb2cce85fe0a2d3caedbf4116e05968c12577f3b504d88fef3663ec4f5,0xd8912c10681d8b21fd3742244f44658dba12264e,0xd91efec7e42f80156d1d9f660a69847188950747,0x33d4a9f25d488c61a3e6b76d687e0d9f21c519bc,0x00000000000000000000000000000000000000000000001053fd5c2c8ba80000,301200000000000000000,3.012e20,1
22816639,31,141,0xd337ffcb2cce85fe0a2d3caedbf4116e05968c12577f3b504d88fef3663ec4f5,0x514910771af9ca656af840dff83e8264ecf986ca,0xd91efec7e42f80156d1d9f660a69847188950747,0x7f36d7b12b5945cc31a280fd199ed3bfd53421c4,0x00000000000000000000000000000000000000000000000093e2127dd70a4000,10656100000000000000,1.06561e19,1
22816639,31,142,0xd337ffcb2cce85fe0a2d3caedbf4116e05968c12577f3b504d88fef3663ec4f5,0x3106a0a076bedae847652f42ef07fd58589e001f,0xd91efec7e42f80156d1d9f660a69847188950747,0x8ed0ca17bcb6b36e5564f4058a0f207890e8a4f6,0x000000000000000000000000000000000000000000000046902949827ef60000,1301660000000000000000,1.30166e21,1
22816639,31,143,0xd337ffcb2cce85fe0a2d3caedbf4116e05968c12577f3b504d88fef3663ec4f5,0xdac17f958d2ee523a2206206994597c13d831ec7,0xd91efec7e42f80156d1d9f660a69847188950747,0x0c19f7b8dde516cd098c6889a22441a96978f89e,0x000000000000000000000000000000000000000000000000000000000e8b2500,244000000,244000000.0,1
22816639,31,144,0xd337ffcb2cce85fe0a2d3caedbf4116e05968c12577f3b504d88fef3663ec4f5,0xdac17f958d2ee523a2206206994597c13d831ec7,0xd91efec7e42f80156d1d9f660a69847188950747,0xb2d9b0119ca8e5d7b683c6added59a8fd0f8b782,0x0000000000000000000000000000000000000000000000000000000076a49ea0,1990500000,1990500000.0,1
22816639,31,145,0xd337ffcb2cce85fe0a2d3caedbf4116e05968c12577f3b504d88fef3663ec4f5,0xdac17f958d2ee523a2206206994597c13d831ec7,0xd91efec7e42f80156d1d9f660a69847188950747,0x9049bb0b8239174223f3a0ce058368f30c11e863,0x000000000000000000000000000000000000000000000000000000005302e290,1392698000,1392698000.0,1
22816639,38,147,0x770bc0ba11e11e266b269c82de88bf46b12f95f58010accb857a5e14b204e056,0xdac17f958d2ee523a2206206994597c13d831ec7,0x559432e18b281731c054cd703d4b49872be4ed53,0xdc360b9c70b1e403be4fb412137a3c545203111c,0x00000000000000000000000000000000000000000000000000000002540469f0,9999510000,9999510000.0,1
22816639,39,148,0x08bbd87a67287de26b09b61afdb9d6a4847ec20d33b744dd9c0e7c0dd27d9363,0xa0b86991c6218b36c1d19d4a2e9eb0ce3606eb48,0x21a31ee1afc51d94c2efccaa2092ad1028285549,0x2540b3f73c7f56a2edaab0a9826f8d773209b75e,0x000000000000000000000000000000000000000000000000000000000589b1b0,92910000,92910000.0,1
22816639,40,149,0x79121b3183a2d5e06154f86351471f91f628085a60c24f6fa2e80d541f7ed10a,0xdac17f958d2ee523a2206206994597c13d831ec7,0x0e23b92a31f5b4f0b8426905bcd2f553b843cef5,0x079d3d5a97e98babb8fbbd3c079e7060b30a6d6d,0x0000000000000000000000000000000000000000000000000000000005f5e100,100000000,100000000.0,1
22816639,41,150,0x82db46b89ba3e3494acf91846742acb5cfb246cd5a6352d1ce5e8c4cf8080589,0xa0b86991c6218b36c1d19d4a2e9eb0ce3606eb48,0xa4bf22b0a60895ee91ac379bad34bc1472b14b1b,0x4c4a15758210afb114c77a4c9d16268f63bb9e63,0x000000000000000000000000000000000000000000000000000000001e48aaa8,508078760,508078760.0,1
22816639,42,151,0x14acbcf11a909d3dc7a4889df76ce27dad4827e95ec56eda8910c6a0320430b3,0xdac17f958d2ee523a2206206994597c13d831ec7,0xff28cd38f3da05ed2be5bcc06405f3209cf8c62b,0xbca3039a18c0d2f2f84ba8a028c67290bc045afa,0x0000000000000000000000000000000000000000000000000000000006671a78,107420280,107420280.0,1
22816639,44,153,0xa866c73385326d16cc4f09061d4859e3689edde40b73c46bccda617c9ff5732a,0xae1e1b4d8f590371b77bee27257ef038d4b835a1,0xc68ee5dab18b06765098851189773c9dee3458f7,0x80b11a4c95f5bb7b0acba968c506fa6c4eea5412,0x00000000000000000000000000000000000000000000000029a2241af62c0000,3000000000000000000,3e18,1
22816639,46,155,0x3034be366fccd7c38f3ba74489c5ad0aecfe85e355d53e2edd24f3bfd3af2eb1,0xdac17f958d2ee523a2206206994597c13d831ec7,0x28c6c06298d514db089934071355e5743bf21d60,0x8bf6b753f830d21845b5e69acc3540d772dc33b9,0x000000000000000000000000000000000000000000000000000000a2fb3115c0,699999000000,699999000000.0,1
22816639,47,156,0xefc2de93980ede95eaed1a00067476a2a61f91d259a50a218d97fa02793123f4,0xdac17f958d2ee523a2206206994597c13d831ec7,0x0bd40187d3f65935709a24c441b23f2072bfef8e,0xf80a52b5d2216fa5b6825b6bb6cdef7f0842d0cb,0x0000000000000000000000000000000000000000000000000000000001ad41fb,28131835,28131835.0,1
22816639,48,157,0xf7f3656bd909465621924af78d69bc4956767956c79ef051c06b74b537a7adfe,0xdac17f958d2ee523a2206206994597c13d831ec7,0x559432e18b281731c054cd703d4b49872be4ed53,0xfd82b80188b8075162a08070f5a9bab7aa4918ca,0x0000000000000000000000000000000000000000000000000000000000a05eb0,10510000,10510000.0,1
22816639,53,162,0xf1a3774ef3a2b771f90342a78eaa96074b0b6d9f0cc1eb052206f5be10b43603,0x2f714d7b9a035d4ce24af8d9b6091c07e37f43fb,0xa516f018d5ac6d086a04bbb1a8ecb00eb61a970a,0xc66f2bf012061173afd4643e0a312bfeb0680699,0x000000000000000000000000000000000000000000000129e6ef4fffceddd000,5495323597000000000000,5.495323597e21,1
22816639,54,165,0xa8e4c7da5214499b05ca588b67f93250139b9404ec9a0254b5bb8c94776bda05,0xa0b86991c6218b36c1d19d4a2e9eb0ce3606eb48,0xb782151082089fa4745be06ad3323889515a93df,0x6c1e3ddac4d6dbf956ca4f80fa6a9161379f4585,0x000000000000000000000000000000000000000000000000000000020cccb65a,8804677210,8804677210.0,1
22816639,55,166,0x9a8b0078bdaee0bd7e47255247f4569c93c03d3894ed1346ff2ea5aa2a92f1fe,0xa0b86991c6218b36c1d19d4a2e9eb0ce3606eb48,0xfcada922d4323ea674a00625dd03d6a396705713,0x95bdbcd955161a51cb664ab1794d685a323f0e79,0x0000000000000000000000000000000000000000000000000000000000c65d40,13000000,13000000.0,1
22816639,59,170,0x31608bcad184c3808429dee0e94acd229759811488a5097d0604bf87ab8c011c,0x698d9093e21325deeee4ab0a3ace47e366a08555,0x7c14d84b054b9a999ee9885caaaa7093e2eaefea,0xdfa8ead9129d2053f307e9370570a33118619ea0,0x000000000000000000000000000000000000000000228fc54b2478299ecc5a2f,41782415697115044146600495,4.178241569711505e25,1
22816639,59,172,0x31608bcad184c3808429dee0e94acd229759811488a5097d0604bf87ab8c011c,0xc02aaa39b223fe8d0a0e5c4f27ead9083c756cc2,0xcb3e83055c83591973e058c3f775e78e4e569b27,0xdfa8ead9129d2053f307e9370570a33118619ea0,0x00000000000000000000000000000000000000000000000003c8810812a5ab59,272609649128483673,2.7260964912848368e17,1
22816639,59,173,0x31608bcad184c3808429dee0e94acd229759811488a5097d0604bf87ab8c011c,0x698d9093e21325deeee4ab0a3ace47e366a08555,0xdfa8ead9129d2053f307e9370570a33118619ea0,0xcb3e83055c83591973e058c3f775e78e4e569b27,0x000000000000000000000000000000000000000000228fc54b2478299ecc5a2f,41782415697115044146600495,4.178241569711505e25,1
22816639,60,176,0x13a2371bb106d58a5912da06b34121ebf9445cb091dc6a089fc6df174c5b2b8f,0x698d9093e21325deeee4ab0a3ace47e366a08555,0x9743cb22875eeed5402fb364059dd70e450785d9,0xdfa8ead9129d2053f307e9370570a33118619ea0,0x00000000000000000000000000000000000000000014e049c9a392662955b1e4,25237687626390555124412900,2.5237687626390554e25,1
22816639,60,178,0x13a2371bb106d58a5912da06b34121ebf9445cb091dc6a089fc6df174c5b2b8f,0xc02aaa39b223fe8d0a0e5c4f27ead9083c756cc2,0xcb3e83055c83591973e058c3f775e78e4e569b27,0xdfa8ead9129d2053f307e9370570a33118619ea0,0x00000000000000000000000000000000000000000000000001ff727ee163d4a1,143959602372007073,1.4395960237200707e17,1
22816639,60,179,0x13a2371bb106d58a5912da06b34121ebf9445cb091dc6a089fc6df174c5b2b8f,0x698d9093e21325deeee4ab0a3ace47e366a08555,0xdfa8ead9129d2053f307e9370570a33118619ea0,0xcb3e83055c83591973e058c3f775e78e4e569b27,0x00000000000000000000000000000000000000000014e049c9a392662955b1e4,25237687626390555124412900,2.5237687626390554e25,1
22816639,61,182,0x853e99ad12ca5f1306adec26ca2a02303a21e592d448ea1c80c0f409c12b87c6,0x698d9093e21325deeee4ab0a3ace47e366a08555,0x670acb83377dcdde7524124b7f610796f4f1ed78,0xdfa8ead9129d2053f307e9370570a33118619ea0,0x00000000000000000000000000000000000000000036049d080ac7a79ea70dd8,65303780443436051220336088,6.530378044343605e25,1
22816639,61,184,0x853e99ad12ca5f1306adec26ca2a02303a21e592d448ea1c80c0f409c12b87c6,0xc02aaa39b223fe8d0a0e5c4f27ead9083c756cc2,0xcb3e83055c83591973e058c3f775e78e4e569b27,0xdfa8ead9129d2053f307e9370570a33118619ea0,0x000000000000000000000000000000000000000000000000046322a8caba8e1c,316134507197140508,3.161345071971405e17,1
22816639,61,185,0x853e99ad12ca5f1306adec26ca2a02303a21e592d448ea1c80c0f409c12b87c6,0x698d9093e21325deeee4ab0a3ace47e366a08555,0xdfa8ead9129d2053f307e9370570a33118619ea0,0xcb3e83055c83591973e058c3f775e78e4e569b27,0x00000000000000000000000000000000000000000036049d080ac7a79ea70dd8,65303780443436051220336088,6.530378044343605e25,1
22816639,62,188,0xb5650b02d6c142c1ed3be31c5338e82a0658d1fd51b1c3125e63da4e4a7aa691,0x6982508145454ce325ddbe47a25d4ec3d2311933,0xf7283cdc49b33d6b98e0e1dd28a4faa7a8897351,0x980a06708bdecd0ad3dbe9201c041588bf02c863,0x00000000000000000000000000000000000000000024655cc78b38d7ac000000,44000000000000000000000000,4.4e25,1
22816639,64,213,0x350cf4d5c1d7843dde9a47cb766ee27408149164b7d44cf725d07d055ba454e5,0xdac17f958d2ee523a2206206994597c13d831ec7,0x29aff0b05725fcef0186f76324427f1ab71ae65d,0xa03400e098f4421b34a3a44a1b4e571419517687,0x0000000000000000000000000000000000000000000000000000000005f40c40,99880000,99880000.0,1
22816639,66,214,0xe5ebef51831a11c0eb9fe9f8b96a16e646310c23d6f261318ed7dbc80e145b27,0xb3999f658c0391d94a37f7ff328f3fec942bcadc,0x21a31ee1afc51d94c2efccaa2092ad1028285549,0x07f1e90ae8e622187daefc01dffe603cfd1ea401,0x0000000000000000000000000000000000000000000009e4d705c3ca78c90000,46722650000000000000000,4.672265e22,1
22816639,69,217,0x0c036f90b9e941a141ad6638e603b5f45d259b97252a16d8ada0cdd4a90612a8,0xa0b86991c6218b36c1d19d4a2e9eb0ce3606eb48,0x79eceda7e838c1abb734166dbe82fb1a69727b72,0xadbaf392768eaa46f87da19073d1ace3a9fad3f9,0x00000000000000000000000000000000000000000000000000000000363d7f80,910000000,910000000.0,1
22816639,71,218,0xc6d1dddbc432f7995854791e6d0d037b4fa670aca8d038730b0bef68f04bbe1c,0xe0b7ad7f8f26e2b00c8b47b5df370f15f90fcf48,0xb3e22c32ab869b8e764b97f23fb7c72b466005d0,0xf125a1941c3ff980dd6ccfa3ecd8ab6135e7ba2d,0x000000000000000000000000000000000000000000003825f6cae5b3a9f2d1f9,265152835850065824371193,2.6515283585006583e23,1
22816639,72,219,0x655999b018f4ffb8c5b6a8fde1e33f525f00ee8d3ca1cba67701334d0407448b,0xa35923162c49cf95e6bf26623385eb431ad920d3,0x92ce9be63f6ac86383ed3d59134fcb5e152dc9e6,0xa89a1278ac85367f38bdf6746658ce2b9875526e,0x00000000000000000000000000000000000000000000ef815ad51a4e1dbfdc00,1131031764557910000000000,1.13103176455791e24,1
22816639,74,220,0x4e5f68034fd821514294936ea24d3b708526375a1ca185bb883f20446e4d1cd3,0xdac17f958d2ee523a2206206994597c13d831ec7,0x0cc1c1f2a6711735788838e71cec78ef0266c86b,0x2952fc0a7f767c6eb992005bc366139666af0e2f,0x00000000000000000000000000000000000000000000000000000074f94c3f10,502398730000,502398730000.0,1
22816639,79,222,0xef4cebaaa3822ce403fbe7d705007676e6027d729f040ffcf4a50f6e26bb471a,0xdac17f958d2ee523a2206206994597c13d831ec7,0x6860bd8c70a75bf1632473967ea893ae6e0fd6ce,0xb9ba9d5f3c206c0680faecdb4a0ee289fd43aacf,0x00000000000000000000000000000000000000000000000000000004a714715b,19983003995,19983003995.0,1
22816639,88,223,0x6319a988a4baacfc97165a13f777647dba821978d173d782b706b7096bacea64,0xc02aaa39b223fe8d0a0e5c4f27ead9083c756cc2,0x715a530d6e40f3a32b1a285565dc82d4f9e75216,0x00000688768803bbd44095770895ad27ad6b0d95,0x00000000000000000000000000000000000000000000000000f8b0a10e470000,70000000000000000,7e16,1
22816639,88,224,0x6319a988a4baacfc97165a13f777647dba821978d173d782b706b7096bacea64,0x8e4f1ce473b292d56934c36976356e3e22c35585,0x21e88f4482cd48deab1ca5eddabdfb14cb8ad76f,0x00000688768803bbd44095770895ad27ad6b0d95,0x0000000000000000000000000000000000000000000002169dccf8a6d889ee27,9861932071915585400359,9.861932071915585e21,1
22816639,88,225,0x6319a988a4baacfc97165a13f777647dba821978d173d782b706b7096bacea64,0xc02aaa39b223fe8d0a0e5c4f27ead9083c756cc2,0x00000688768803bbd44095770895ad27ad6b0d95,0x21e88f4482cd48deab1ca5eddabdfb14cb8ad76f,0x00000000000000000000000000000000000000000000000000f8b0a10e470000,70000000000000000,7e16,1
22816639,88,227,0x6319a988a4baacfc97165a13f777647dba821978d173d782b706b7096bacea64,0x8e4f1ce473b292d56934c36976356e3e22c35585,0x00000688768803bbd44095770895ad27ad6b0d95,0xabd4e5fb590aa132749bbf2a04ea57efbaac399e,0x0000000000000000000000000000000000000000000002147e7ae361231b5ba7,9822781694015759408039,9.82278169401576e21,1
22816639,88,228,0x6319a988a4baacfc97165a13f777647dba821978d173d782b706b7096bacea64,0x8e4f1ce473b292d56934c36976356e3e22c35585,0xabd4e5fb590aa132749bbf2a04ea57efbaac399e,0x90cbe4bdd538d6e9b379bff5fe72c3d67a521de5,0x000000000000000000000000000000000000000000000000882eab1076f4c64b,9812968725290468939,9.81296872529047e18,1
22816639,88,229,0x6319a988a4baacfc97165a13f777647dba821978d173d782b706b7096bacea64,0x8e4f1ce473b292d56934c36976356e3e22c35585,0xabd4e5fb590aa132749bbf2a04ea57efbaac399e,0x715a530d6e40f3a32b1a285565dc82d4f9e75216,0x000000000000000000000000000000000000000000000213f64c3850ac26955c,9812968725290468939100,9.812968725290469e21,1
22816639,89,231,0x4efba3f926d8ddcd092330859ed267555834af859ae9292560e291204e0faf56,0xd0ec028a3d21533fdd200838f39c85b03679285d,0xcd75412b1c33f21d5d48c5ace64df06f9d984c57,0xa9d1e08c7793af67e9d92fe308d5697fb81d3e43,0x0000000000000000000000000000000000000000000054b3de6fc83b493e0000,399996780000000000000000,3.9999678e23,1
22816639,90,232,0x270463c100a355c189e59099e0fb139eea68e29a10768e7d5e0f4bcd0fe59b57,0x44ff8620b8ca30902395a7bd3f2407e1a091bf73,0x4ed6cf63bd9c009d247ee51224fc1c7041f517f1,0xcde5d48fca07f9c52300d2e65632dd71ed169b90,0x0000000000000000000000000000000000000000000000bb25243df88e522000,3452217474000000000000,3.452217474e21,1
22816639,91,233,0x8e593b3587c3a55d206d86eb62ad9251a21dd4d2eadc3e019d28f6045f8b9513,0xdac17f958d2ee523a2206206994597c13d831ec7,0x9fcf8f5bd54db123470c96620441ca5c342a8bd4,0x0000000000efa780a8e6f50fc5de9c1497bfd175,0x0000000000000000000000000000000000000000000000000000000001cf242f,30352431,30352431.0,1
22816639,91,234,0x8e593b3587c3a55d206d86eb62ad9251a21dd4d2eadc3e019d28f6045f8b9513,0xd794dd1cada4cf79c9eebaab8327a1b0507ef7d4,0x62302794f11b4e8f99d5bb0f2616e667b677e8fd,0xbbcd9986304fe340870f4816c614ba0c7a53512e,0x00000000000000000000000000000000000000000000010c845c266ea99e4929,4953264952121757681961,4.953264952121758e21,1
22816639,91,235,0x8e593b3587c3a55d206d86eb62ad9251a21dd4d2eadc3e019d28f6045f8b9513,0xdac17f958d2ee523a2206206994597c13d831ec7,0x0000000000efa780a8e6f50fc5de9c1497bfd175,0x62302794f11b4e8f99d5bb0f2616e667b677e8fd,0x0000000000000000000000000000000000000000000000000000000001cf242f,30352431,30352431.0,1
22816639,91,237,0x8e593b3587c3a55d206d86eb62ad9251a21dd4d2eadc3e019d28f6045f8b9513,0xc02aaa39b223fe8d0a0e5c4f27ead9083c756cc2,0xbbcd9986304fe340870f4816c614ba0c7a53512e,0x0000000000efa780a8e6f50fc5de9c1497bfd175,0x000000000000000000000000000000000000000000000000002c7e353f5075fe,12523666135873022,1.2523666135873022e16,1
22816639,91,240,0x8e593b3587c3a55d206d86eb62ad9251a21dd4d2eadc3e019d28f6045f8b9513,0xc02aaa39b223fe8d0a0e5c4f27ead9083c756cc2,0x0000000000efa780a8e6f50fc5de9c1497bfd175,0x9fcf8f5bd54db123470c96620441ca5c342a8bd4,0x000000000000000000000000000000000000000000000000002b8f2700000000,12260821665054720,1.226082166505472e16,1
22816639,92,243,0xb6b5a0b1fb951f6a25e199dbdd7bad742923ea759835d7455ebcda5e9b15212a,0xddb3422497e61e13543bea06989c0789117555c5,0x5cfd788e453ca00e93849e266fe0225950442281,0xdd3d72c53ff982ff59853da71158bf1538b3ceee,0x00000000000000000000000000000000000000000000003875dc42a253660000,1041510404390000132096,1.0415104043900001e21,1
22816639,93,244,0x6acdffdad04556b07c866d59911cf01b33e40c2cb68c1a795fb6d1522c2f3ac5,0xdac17f958d2ee523a2206206994597c13d831ec7,0xe9e0a0c96b2db01fd3d1c255cb4562ae05ff0261,0x559432e18b281731c054cd703d4b49872be4ed53,0x0000000000000000000000000000000000000000000000000000000040527625,1079146021,1079146021.0,1
22816639,94,245,0x5bb711061860305dcc63e0bb0cc3e000ae01905b814cdb782d12d66fc56985a0,0xdac17f958d2ee523a2206206994597c13d831ec7,0x9401275fcb1ca71c6ef4abab144d71b19d1fd414,0x559432e18b281731c054cd703d4b49872be4ed53,0x0000000000000000000000000000000000000000000000000000000070733b40,1886600000,1886600000.0,1
22816639,95,247,0x3ad1113dc855ca20390e0d9928755891d4de0c73c3081e89b87efaffcc5e12f9,0x482df7483a52496f4c65ab499966dfcdf4ddfdbc,0x229d1c1f72be9cbd0998d377b3327a72bdc071f4,0x111111125421ca6dc452d289314280a0f8842a65,0x0000000000000000000000000000000000000000000004c3c52e787cc61a5d28,22500789452203638807848,2.2500789452203637e22,1
22816639,95,248,0x3ad1113dc855ca20390e0d9928755891d4de0c73c3081e89b87efaffcc5e12f9,0xc02aaa39b223fe8d0a0e5c4f27ead9083c756cc2,0x5141b82f5ffda4c6fe1e372978f1c5427640a190,0x229d1c1f72be9cbd0998d377b3327a72bdc071f4,0x000000000000000000000000000000000000000000000000012df1f7ea5f58f6,84990015081240822,8.499001508124082e16,1
22816639,95,250,0x3ad1113dc855ca20390e0d9928755891d4de0c73c3081e89b87efaffcc5e12f9,0x482df7483a52496f4c65ab499966dfcdf4ddfdbc,0x111111125421ca6dc452d289314280a0f8842a65,0x84bfe15825d4357cb01ebdb2bed19edae3aefccf,0x0000000000000000000000000000000000000000000004c3c52e787cc61a5d28,22500789452203638807848,2.2500789452203637e22,1
22816639,102,251,0x6b4e0d03db9802a94e09d8baa35df171a0c8d3197ad29dd4131084564058cfc1,0xdac17f958d2ee523a2206206994597c13d831ec7,0x46340b20830761efd32832a74d7169b29feb9758,0x3631d66bba74fe5c2a88bba581974eae68d9abee,0x0000000000000000000000000000000000000000000000000000000058cf9880,1490000000,1490000000.0,1
22816639,105,253,0x134a6bfe6227afa41a427471be45d048cb3f5a48538a158847454e918343b875,0xdd3b11ef34cd511a2da159034a05fcb94d806686,0xf12533a96712133d9bb97c24de5bcf52f48851bd,0xf5042e6ffac5a625d4e7848e0b01373d8eb9e222,0x0000000000000000000000000000000000000000068bb144c95e459feb6efab0,2025787875610680409671531184,2.0257878756106803e27,1
22816639,105,254,0x134a6bfe6227afa41a427471be45d048cb3f5a48538a158847454e918343b875,0xc02aaa39b223fe8d0a0e5c4f27ead9083c756cc2,0x82d88875d64d60cbe9cbea47cb960ae0f04ebd4d,0xf12533a96712133d9bb97c24de5bcf52f48851bd,0x0000000000000000000000000000000000000000000000000342e34142378000,235000000000000000,2.35e17,1
22816639,105,257,0x134a6bfe6227afa41a427471be45d048cb3f5a48538a158847454e918343b875,0xdd3b11ef34cd511a2da159034a05fcb94d806686,0xf5042e6ffac5a625d4e7848e0b01373d8eb9e222,0xc3d51f3691267dacce55478e474c6fc9f9044d5f,0x0000000000000000000000000000000000000000068bb144c95e459feb6efab0,2025787875610680409671531184,2.0257878756106803e27,1
22816639,108,271,0x7fcbee391f9cb0098e7fa49b8e79fa336707fd677ac179d49605cb40f64b4aa3,0xb23d80f5fefcddaa212212f028021b41ded428cf,0x16588709ca8f7b84829b43cc1c5cb7e84a321b16,0xfbd4cdb413e45a52e2c8312f670e9ce67e794c37,0x00000000000000000000000000000000000000000000000d414bd05d8ede5a44,244512756294190258756,2.4451275629419027e20,1
22816639,108,272,0x7fcbee391f9cb0098e7fa49b8e79fa336707fd677ac179d49605cb40f64b4aa3,0xc02aaa39b223fe8d0a0e5c4f27ead9083c756cc2,0xfbd4cdb413e45a52e2c8312f670e9ce67e794c37,0x16588709ca8f7b84829b43cc1c5cb7e84a321b16,0x000000000000000000000000000000000000000000000000037ca737cfd45d77,251259537377746295,2.512595373777463e17,1
22816639,111,274,0x8aa04b091eea1e07ce4c43d53287053be064e45de91252fdb8b2132e685dc2ec,0xdac17f958d2ee523a2206206994597c13d831ec7,0x0aaf0198a0956716e58f8a56aff2032c4b2e52b8,0x84a6517497050ef784d8fbc591b8437906cc443b,0x0000000000000000000000000000000000000000000000000000000001c52fa0,29700000,29700000.0,1
22816639,113,278,0x32e927e5e74f1b29af12954d3942d7b213f1e076404424c217f6f8dab190fbd3,0xb23d80f5fefcddaa212212f028021b41ded428cf,0xcd423f3ab39a11ff1d9208b7d37df56e902c932b,0xfbd4cdb413e45a52e2c8312f670e9ce67e794c37,0x000000000000000000000000000000000000000000000009bedd8666c2ec69a4,179773993276360386980,1.797739932763604e20,1
22816639,113,279,0x32e927e5e74f1b29af12954d3942d7b213f1e076404424c217f6f8dab190fbd3,0xc02aaa39b223fe8d0a0e5c4f27ead9083c756cc2,0xfbd4cdb413e45a52e2c8312f670e9ce67e794c37,0xcd423f3ab39a11ff1d9208b7d37df56e902c932b,0x00000000000000000000000000000000000000000000000002904de2c69857eb,184733221112010731,1.8473322111201072e17,1
22816639,114,281,0x63bf5c3af8dbcefbfc05ed779dd9b15a3ad8c2f93fd3bcab94e8ae169141aa08,0xa0b86991c6218b36c1d19d4a2e9eb0ce3606eb48,0xf8ca8638e5ccef45005eb933db80ff7fdd8fa78a,0xa8020ecbc321e0c8cea26b3507f207482d0100c2,0x000000000000000000000000000000000000000000000000000000001dcd6500,500000000,500000000.0,1
22816639,115,283,0x846f10508c25db2162219747a2a0cc2caa3d6a364653d90f9a9ea2b80c4baad6,0xa0b86991c6218b36c1d19d4a2e9eb0ce3606eb48,0x0b5c4a7fcda49e0a8661419bb55b86161a86db2a,0xcf3aed3b1179ee1798313176e1cabebec41dd6ba,0x000000000000000000000000000000000000000000000000000000000276cc60,41340000,41340000.0,1
22816639,119,285,0xf5c6c5d2cb0c9d6e598f5aa12506ac0b4fcff40a513ecbb133889883784ec9e4,0xdac17f958d2ee523a2206206994597c13d831ec7,0xcc49f604fd72409eca377f32141e156c8702f92c,0x3a6868e12d04976f088691a23489349d341791b1,0x000000000000000000000000000000000000000000000000000000003b9aca00,1000000000,1000000000.0,1
22816639,121,288,0xd13717f27faa80b0ec1168a8b3272ad4c6bfffdf3bfdbf77a02b236028d32bbc,0xc02aaa39b223fe8d0a0e5c4f27ead9083c756cc2,0x7a250d5630b4cf539739df2c5dacb4c659f2488d,0x2143125a4799c71796131fbcc135d1f573a8966c,0x0000000000000000000000000000000000000000000000001774160bc668ffcb,1689999999999999947,1.69e18,1
22816639,121,289,0xd13717f27faa80b0ec1168a8b3272ad4c6bfffdf3bfdbf77a02b236028d32bbc,0x3271e526ed31db76bc0016ee56701f17fa929886,0x2143125a4799c71796131fbcc135d1f573a8966c,0xb9b79698a00befc4d5bb9883c260dc851ec8b884,0x0000000000000000000000000000000000000000000000000000f185fcf10168,265557776597352,265557776597352.0,1
22816639,122,292,0xe844bbaf1e5922837611cd9b3a1f7288fa620bf334cd28e834e8a14198db9fe2,0x2f714d7b9a035d4ce24af8d9b6091c07e37f43fb,0x99eff3ddf8033159346c470ad718a062b188abf9,0x1ab4973a48dc892cd9971ece8e01dcc7688f8f23,0x00000000000000000000000000000000000000000000016508c69d3d9fb40000,6586120000000000000000,6.58612e21,1
22816639,123,293,0x094a7a88fbf3d29bf4a474a0d296b4badabdaac83b0d91463b8af5126605cc6f,0xa0b86991c6218b36c1d19d4a2e9eb0ce3606eb48,0x92c8977a7df1838b4d5234c75cdc7a1232c359b7,0x0552c8c4dbe0fc3cece72e2b7b9fead0507e0115,0x000000000000000000000000000000000000000000000000000000008e748180,2390000000,2390000000.0,1
22816639,124,294,0x4206674c0e4968645a95b1e959f702e716f47d29b1fc69ca8c06f41c3435dcb3,0x1601dc662e650d8981f333c5621e10152418689d,0x9e497f2bd2f1b44aa94307f6a86e1fbaf5f5e46c,0xd4df2468f213029445a8cf6c7ec94262c5db0466,0x000000000000000000000000000000000000000000000000353211be1d3b2431,3833145741077586993,3.833145741077587e18,1
22816639,124,296,0x4206674c0e4968645a95b1e959f702e716f47d29b1fc69ca8c06f41c3435dcb3,0x1601dc662e650d8981f333c5621e10152418689d,0xadab7ac1613443fd8ea2d0aaf7570f0edcc04737,0x6b938482bc07657d7ea6edb48d75a76ddac4bf27,0x0000000000000000000000000000000000000000000000000bffa096950aaf78,864586222084468600,8.645862220844686e17,1
22816639,124,298,0x4206674c0e4968645a95b1e959f702e716f47d29b1fc69ca8c06f41c3435dcb3,0x1601dc662e650d8981f333c5621e10152418689d,0x0fbb527bf2939e64e8e03905f4d14e263b7dd411,0x99a69ba6403408ae8c261a826d6b119dee972e2c,0x00000000000000000000000000000000000000000000000011f2f21e026a77ba,1293362253712226234,1.2933622537122263e18,1
22816639,124,300,0x4206674c0e4968645a95b1e959f702e716f47d29b1fc69ca8c06f41c3435dcb3,0x1601dc662e650d8981f333c5621e10152418689d,0x798d9f7faee46f62acb644e8c0473c2684ebea74,0x4c8a7dd8b1dc7c89c4622b365bf1d2e226961cfe,0x000000000000000000000000000000000000000000000000008549a844325580,37517158950000000,3.751715895e16,1
22816639,124,302,0x4206674c0e4968645a95b1e959f702e716f47d29b1fc69ca8c06f41c3435dcb3,0x1601dc662e650d8981f333c5621e10152418689d,0x40a63c0c44366f278d725257a3e6bf1739d83397,0x7fd42ff51fc8c00ea6052f1e3126f399f0e9608e,0x0000000000000000000000000000000000000000000000000cde63b6e9ec0650,927288210544658000,9.27288210544658e17,1
22816639,124,304,0x4206674c0e4968645a95b1e959f702e716f47d29b1fc69ca8c06f41c3435dcb3,0x1601dc662e650d8981f333c5621e10152418689d,0x6cb41ba776118067cd84ff38eee79f906a9c39c0,0x25e71000e7c9002c51f7cf58e54a1a1fbe4d5fbd,0x0000000000000000000000000000000000000000000000001087b295d7b675d6,1191116983101715926,1.191116983101716e18,1
22816639,127,306,0x722fd768cf07cdf4f9763da08d41dabbf70d8b373720157b6e3e490f19ee42e8,0x866a2bf4e572cbcf37d5071a7a58503bfb36be1b,0xa370275bb06b7416184a967c5b8593942784cdfe,0x0502d65f26f45d17503e4d34441f5e73ea143033,0x00000000000000000000000000000000000000000000000000000246139ca800,2500000000000,2500000000000.0,1
22816639,133,309,0xbcd7758d0b8a095d350e21c3ade7bacd109c03172422e5f2b315f16e3ef4bad5,0xa0b86991c6218b36c1d19d4a2e9eb0ce3606eb48,0x0c9c247677c5ef40759010a46ced1b1ea414e455,0x6b54dfdc028fa18c6ae450c8333e77aff0bb1b71,0x00000000000000000000000000000000000000000000000000000034f54ca3e0,227453740000,227453740000.0,1
22816639,136,310,0x446fe4bfc8e523f9512ddc69d7e4914e99c87b221dc92270a2f89e3802ffe3a8,0xa5a687485a3f24c371a89142d11524853238e92c,0xf16df583e3cbb499c6a91ba4dedc941fa1a01220,0x040ff66e3fcbfc808b089826599e98d6cb00bf2b,0x0000000000000000000000000000000000000000000000000000000005f5e100,100000000,100000000.0,1
22816639,140,315,0xed738b42d69edd97fcfd20ad4c9e905412fe930787e8d808429233aede415dfa,0xdac17f958d2ee523a2206206994597c13d831ec7,0xfb09b19befc8af4c4e0c7ff85da71081610dc835,0x8a33e2d23dbd1b0aebcf5f67db72d8c5b6b57c2f,0x00000000000000000000000000000000000000000000000000000001e91590c3,8205471939,8205471939.0,1
22816639,141,316,0xf3688c7a38fc95c697054903ede241ffa0636fee5705b8cfa827bc7b4cb00bc9,0x6982508145454ce325ddbe47a25d4ec3d2311933,0x0557569f9ddda0ccc55c47442f4bf12f90b905fb,0xb685760ebd368a891f27ae547391f4e2a289895b,0x000000000000000000000000000000000000000000056c802d51c13731a81c00,6557009127068150000000000,6.55700912706815e24,1
22816639,142,319,0x85f15fe4996de4640cd1ad1197f26334772ef4631ad6d482e64fa8f3feeaa55d,0xa0b86991c6218b36c1d19d4a2e9eb0ce3606eb48,0x0c9c247677c5ef40759010a46ced1b1ea414e455,0xf2712fe608a6178c9bfa150aa1f40262c18af80d,0x00000000000000000000000000000000000000000000000000000000985446e0,2555660000,2555660000.0,1
22816639,148,320,0xd5b0a535ad4eef2864ce0b48119bd8134846aaeb4ec67141966dc67ee6ebf320,0xe28b3b32b6c345a34ff64674606124dd5aceca30,0x6c063a6e8cd45869b5eb75291e65a3de298f3aa8,0xfbd4cdb413e45a52e2c8312f670e9ce67e794c37,0x000000000000000000000000000000000000000000000002930bb875ce019ec7,47489253511845224135,4.7489253511845224e19,1
22816639,148,321,0xd5b0a535ad4eef2864ce0b48119bd8134846aaeb4ec67141966dc67ee6ebf320,0xc02aaa39b223fe8d0a0e5c4f27ead9083c756cc2,0xfbd4cdb413e45a52e2c8312f670e9ce67e794c37,0x6c063a6e8cd45869b5eb75291e65a3de298f3aa8,0x00000000000000000000000000000000000000000000000002f1aab42badcf37,212138348266770231,2.1213834826677024e17,1
22816639,150,323,0x34ce7c74fd4e709063d819c3ab14642dda4bf18ad2ce6757abe83e9bbfbe7381,0xbe51628936610e1c54ee627d6d0249c3e1bb89a0,0x4381324f3873fc14af4b1e11468218c3a07aa672,0xd20bb68d5190ab4529561290275e1c47ba4656d3,0x0000000000000000000000000000000000000000000000000000000332c0aeab,13736390315,13736390315.0,1
22816639,150,324,0x34ce7c74fd4e709063d819c3ab14642dda4bf18ad2ce6757abe83e9bbfbe7381,0xbe51628936610e1c54ee627d6d0249c3e1bb89a0,0xf91ee1383a5198687899cb8baa81d57eaceefe28,0x304b975ad7d4aa4956ec6a252d4b65375de9a655,0x0000000000000000000000000000000000000000000000000000000005f5e100,100000000,100000000.0,1
22816639,150,325,0x34ce7c74fd4e709063d819c3ab14642dda4bf18ad2ce6757abe83e9bbfbe7381,0x712c5c8ee871bb20af57ea4b40d5c233b3bdb365,0xda0d915448477184cdc0314c8d8dc3717720c305,0xc46e954e31e95957b7e2ecfb1432beed54d8a165,0x000000000000000000000000000000000000000000000000090564d8e1bc3c99,650036603887828121,6.500366038878281e17,1
22816639,150,326,0x34ce7c74fd4e709063d819c3ab14642dda4bf18ad2ce6757abe83e9bbfbe7381,0x2513c95d1d405f5703633cb0622d48898df5633a,0x72eed754fc053b3b49019837f4a719175aec60d1,0x3b47ced134ab5037f6d0c4f35a40f23b825f9bd8,0x00000000000000000000000000000000000000000000000000000001f6204fc0,8424280000,8424280000.0,1
22816639,150,327,0x34ce7c74fd4e709063d819c3ab14642dda4bf18ad2ce6757abe83e9bbfbe7381,0x2513c95d1d405f5703633cb0622d48898df5633a,0xd72f967fb8c689320bb017b84a929cd6bf9b65f8,0xb9497823833a4a7b3329a8fe0654ef02895d2dcc,0x000000000000000000000000000000000000000000000000000000008b85c600,2340800000,2340800000.0,1
22816639,150,328,0x34ce7c74fd4e709063d819c3ab14642dda4bf18ad2ce6757abe83e9bbfbe7381,0x2513c95d1d405f5703633cb0622d48898df5633a,0x44e1264665b1fac74484e16cc07cad8b5b61608d,0x27fb3de8ea3d16c62b8b8ef07f37fcb5ac358911,0x0000000000000000000000000000000000000000000000000000002a9517ee80,182890000000,182890000000.0,1
22816639,150,329,0x34ce7c74fd4e709063d819c3ab14642dda4bf18ad2ce6757abe83e9bbfbe7381,0xbe51628936610e1c54ee627d6d0249c3e1bb89a0,0x799d0db297dc1b5d114f3562c1ec30c9f7fdae39,0x758c0d8f2b154441c8ef50cff9d56f08d74dbe3b,0x0000000000000000000000000000000000000000000000000000000002faf080,50000000,50000000.0,1
22816639,150,330,0x34ce7c74fd4e709063d819c3ab14642dda4bf18ad2ce6757abe83e9bbfbe7381,0x712c5c8ee871bb20af57ea4b40d5c233b3bdb365,0xe3f9ac2930bc31ac93483a197aa6ced6829ebfea,0x5ce683bf09450953455987417a63cda843809244,0x000000000000000000000000000000000000000000000000077c82eab815a000,539450000000000000,5.3945e17,1
22816639,150,331,0x34ce7c74fd4e709063d819c3ab14642dda4bf18ad2ce6757abe83e9bbfbe7381,0xbe51628936610e1c54ee627d6d0249c3e1bb89a0,0x938c1ac0bd7bbc28237f5181d9928f8b5ca8ac17,0xe58153cab56223188b13b9b1fac56cb930001d2a,0x0000000000000000000000000000000000000000000000000000000191bc3d00,6740000000,6740000000.0,1
22816639,150,332,0x34ce7c74fd4e709063d819c3ab14642dda4bf18ad2ce6757abe83e9bbfbe7381,0xbe51628936610e1c54ee627d6d0249c3e1bb89a0,0x8e0e6fbaf18f209916bb7c5960a70d6bb5760938,0x5fd512ce6cc05962a582c2e7cbe7f2785cabbd1e,0x00000000000000000000000000000000000000000000000000000015c508c700,93500000000,93500000000.0,1
22816639,150,333,0x34ce7c74fd4e709063d819c3ab14642dda4bf18ad2ce6757abe83e9bbfbe7381,0x712c5c8ee871bb20af57ea4b40d5c233b3bdb365,0xbe11cf2246f6ba9d5cc06720a6e3fc3300b9bca3,0xa087bca5227462473615a3415781d8a2b4fc9ecc,0x0000000000000000000000000000000000000000000000003589e59fcd6b38a5,3857867030328457381,3.857867030328457e18,1
22816639,150,334,0x34ce7c74fd4e709063d819c3ab14642dda4bf18ad2ce6757abe83e9bbfbe7381,0xbe51628936610e1c54ee627d6d0249c3e1bb89a0,0x966f209ad0662059fe3bc3f1de0bba9ea0aa553a,0x6945ac7d804bc68fbec7d1a0ffead6298463fb3a,0x000000000000000000000000000000000000000000000000000000037b2f8d62,14951615842,14951615842.0,1
22816639,150,335,0x34ce7c74fd4e709063d819c3ab14642dda4bf18ad2ce6757abe83e9bbfbe7381,0x2513c95d1d405f5703633cb0622d48898df5633a,0x95a784e5eec31c9931a7a540d47af7a1c366e510,0xe24121af19a94a2219d449c5c16e50a4ca0d9afd,0x000000000000000000000000000000000000000000000000000000008e377880,2386000000,2386000000.0,1
22816639,150,336,0x34ce7c74fd4e709063d819c3ab14642dda4bf18ad2ce6757abe83e9bbfbe7381,0x712c5c8ee871bb20af57ea4b40d5c233b3bdb365,0xf0d1e2815e74951a0faedabe0a29197963ec8f85,0xb13c434f7eadfb5a882e6b5644be51e1181c06ed,0x0000000000000000000000000000000000000000000000009c29206407ab733b,11252560757959390011,1.125256075795939e19,1
22816639,150,337,0x34ce7c74fd4e709063d819c3ab14642dda4bf18ad2ce6757abe83e9bbfbe7381,0x712c5c8ee871bb20af57ea4b40d5c233b3bdb365,0xa5c7acd9f126dca55011c814e9429796ad6e9eed,0x2f59cadfce132c05e6b481ea50efb5923a80d4a4,0x000000000000000000000000000000000000000000000000110a9c357c72e73d,1227965601946986301,1.2279656019469862e18,1
22816639,150,338,0x34ce7c74fd4e709063d819c3ab14642dda4bf18ad2ce6757abe83e9bbfbe7381,0x712c5c8ee871bb20af57ea4b40d5c233b3bdb365,0x33f887261735d2a5cc8428d66b5117cf03bcf645,0x2c8d1aca1b0cce753047985074692b156d8e8dff,0x00000000000000000000000000000000000000000000000018904d9f44710000,1770000000000000000,1.77e18,1
22816639,150,339,0x34ce7c74fd4e709063d819c3ab14642dda4bf18ad2ce6757abe83e9bbfbe7381,0x2513c95d1d405f5703633cb0622d48898df5633a,0x9bb52de11b06bcafbfa62b8789e8c5ddbb90edf7,0x493a15d24d2ccd38d2249d73da27abe9808d8067,0x00000000000000000000000000000000000000000000000000000002b95fd500,11700000000,11700000000.0,1
22816639,150,340,0x34ce7c74fd4e709063d819c3ab14642dda4bf18ad2ce6757abe83e9bbfbe7381,0x712c5c8ee871bb20af57ea4b40d5c233b3bdb365,0x3b5ca09edfe2c7c8cda295da25643e9df6cf2fb1,0x775bbbfddb29de4e737503448215eae470350e9f,0x00000000000000000000000000000000000000000000000028c7b7c8b4dfb659,2938519354538440281,2.93851935453844e18,1
22816639,150,341,0x34ce7c74fd4e709063d819c3ab14642dda4bf18ad2ce6757abe83e9bbfbe7381,0x2513c95d1d405f5703633cb0622d48898df5633a,0x6ba68eb9922a0bb8b75cac259926a6de6aadfd0c,0xcf791b670251ab5889ad710f4c2a6eb083c90460,0x00000000000000000000000000000000000000000000000000000000d9ea2200,3656000000,3656000000.0,1
22816639,150,342,0x34ce7c74fd4e709063d819c3ab14642dda4bf18ad2ce6757abe83e9bbfbe7381,0x712c5c8ee871bb20af57ea4b40d5c233b3bdb365,0x2f591a82e8ec083df02a4674e8bc6b894c7dd4a4,0x96e2e5f7c9629cf2ea7d66fc5d0e8b977c33595e,0x00000000000000000000000000000000000000000000000001831b646793a9b8,108960934035433912,1.0896093403543392e17,1
22816639,150,343,0x34ce7c74fd4e709063d819c3ab14642dda4bf18ad2ce6757abe83e9bbfbe7381,0x712c5c8ee871bb20af57ea4b40d5c233b3bdb365,0xf40001cf76b266f97b5b9892b251cf1b6ce67f4b,0x5f6b378ad556008bcf7fec5a786505394f4e040d,0x00000000000000000000000000000000000000000000000000005af3107a4000,100000000000000,100000000000000.0,1
22816639,150,344,0x34ce7c74fd4e709063d819c3ab14642dda4bf18ad2ce6757abe83e9bbfbe7381,0x712c5c8ee871bb20af57ea4b40d5c233b3bdb365,0x759c1bf6d7de7fd9ad3a683777266aaebd23a2fb,0x0ec68c97fd9427fa5ac30d259cf95b5d348cb6cb,0x00000000000000000000000000000000000000000000000000b1a2bc2ec50000,50000000000000000,5e16,1
22816639,150,345,0x34ce7c74fd4e709063d819c3ab14642dda4bf18ad2ce6757abe83e9bbfbe7381,0x2513c95d1d405f5703633cb0622d48898df5633a,0x4d3e56b6418d52578fb7cde1e41280540882c9e2,0xcf00f858c1745579787f3b927d4f4f22a0dba2f4,0x000000000000000000000000000000000000000000000000000000029f58c6d0,11263330000,11263330000.0,1
22816639,150,346,0x34ce7c74fd4e709063d819c3ab14642dda4bf18ad2ce6757abe83e9bbfbe7381,0xbe51628936610e1c54ee627d6d0249c3e1bb89a0,0xa2bbeadd67e495a37a6903dd622103caa3713bb1,0x17361cf22ea5b938373205926d363a6ce18c0d27,0x0000000000000000000000000000000000000000000000000000000284814940,10813000000,10813000000.0,1
22816639,150,347,0x34ce7c74fd4e709063d819c3ab14642dda4bf18ad2ce6757abe83e9bbfbe7381,0x2513c95d1d405f5703633cb0622d48898df5633a,0x34cbaabce614f2150f478374c44f461e105c5057,0x23404e1793a5cee3bd8960d7cb86529d07152acb,0x000000000000000000000000000000000000000000000000000000012a05f200,5000000000,5000000000.0,1
22816639,150,348,0x34ce7c74fd4e709063d819c3ab14642dda4bf18ad2ce6757abe83e9bbfbe7381,0xbe51628936610e1c54ee627d6d0249c3e1bb89a0,0x68c4a97ad2ed7011054288988f01f7f5efd4ef10,0x8e0ebcfad8952953014b66d1ef37f496c4e80938,0x00000000000000000000000000000000000000000000000000000002f35b4ada,12672781018,12672781018.0,1
22816639,150,349,0x34ce7c74fd4e709063d819c3ab14642dda4bf18ad2ce6757abe83e9bbfbe7381,0x712c5c8ee871bb20af57ea4b40d5c233b3bdb365,0x4ce02443da7491b43b1204233b9fc194550e35f6,0xe3f94de77b9147345b8ec43e673d67faf872bfea,0x0000000000000000000000000000000000000000000000000de60af19e8dc000,1001500000000000000,1.0015e18,1
22816639,150,350,0x34ce7c74fd4e709063d819c3ab14642dda4bf18ad2ce6757abe83e9bbfbe7381,0xbe51628936610e1c54ee627d6d0249c3e1bb89a0,0x6ca3b941676639865a74e5f5e6db0187efada9e6,0x5ed7a09f28902da2773c554411936609f1fe10bb,0x000000000000000000000000000000000000000000000000000000003b9c587a,1000102010,1000102010.0,1
22816639,150,351,0x34ce7c74fd4e709063d819c3ab14642dda4bf18ad2ce6757abe83e9bbfbe7381,0x2513c95d1d405f5703633cb0622d48898df5633a,0x9d9736ed075ac0c682b953855a81a52ba2c1215d,0x72f6e72233828df8e2451da2d9701d56dd9b5362,0x000000000000000000000000000000000000000000000000000000092371b480,39249360000,39249360000.0,1
22816639,150,352,0x34ce7c74fd4e709063d819c3ab14642dda4bf18ad2ce6757abe83e9bbfbe7381,0x2513c95d1d405f5703633cb0622d48898df5633a,0x8647263bb78832ad4464169b568d7b1ee169a535,0x1bf692166134fe5b0295689df62200f791411a0e,0x0000000000000000000000000000000000000000000000000000000000e4e1c0,15000000,15000000.0,1
22816639,150,353,0x34ce7c74fd4e709063d819c3ab14642dda4bf18ad2ce6757abe83e9bbfbe7381,0x712c5c8ee871bb20af57ea4b40d5c233b3bdb365,0x416ca14785b98a08d7514d2735cb9b4d8ffc6653,0x34600d27ff024bc1ae52e6a5ae44f7ab1e554c16,0x0000000000000000000000000000000000000000000000003371a01992ca8000,3706920000000000000,3.70692e18,1
22816639,150,354,0x34ce7c74fd4e709063d819c3ab14642dda4bf18ad2ce6757abe83e9bbfbe7381,0x712c5c8ee871bb20af57ea4b40d5c233b3bdb365,0x03e4ecffabb493a5c11d423e08d1a7247035548a,0xa1d536f5c4254bca2bd4679c61164f6368d540c1,0x00000000000000000000000000000000000000000000000005d0dd76c9879af8,419078267602443000,4.19078267602443e17,1
22816639,150,355,0x34ce7c74fd4e709063d819c3ab14642dda4bf18ad2ce6757abe83e9bbfbe7381,0x712c5c8ee871bb20af57ea4b40d5c233b3bdb365,0xb13c97c0a31c9d90d12d683bff681b8f93d306ed,0x9d5bad04e6f3a0742e50c79c9153eece867b2120,0x00000000000000000000000000000000000000000000000012b26cc1a4f862e9,1347258817489429225,1.3472588174894292e18,1
22816639,150,356,0x34ce7c74fd4e709063d819c3ab14642dda4bf18ad2ce6757abe83e9bbfbe7381,0xbe51628936610e1c54ee627d6d0249c3e1bb89a0,0x743a7c986538a1bfbfaaf65962d25fe0c351e87a,0x613364b6cdd381db0e3a07722e0028528ae74fd2,0x00000000000000000000000000000000000000000000000000000004a817c800,20000000000,20000000000.0,1
22816639,150,357,0x34ce7c74fd4e709063d819c3ab14642dda4bf18ad2ce6757abe83e9bbfbe7381,0x2513c95d1d405f5703633cb0622d48898df5633a,0x1e33cbe94727c3291ab2f593eb27a23a8ce4b479,0x95a7ccf0aa17bc6897d3cb19c0bfa7ba7c18e510,0x000000000000000000000000000000000000000000000000000000037e11d600,15000000000,15000000000.0,1
22816639,150,358,0x34ce7c74fd4e709063d819c3ab14642dda4bf18ad2ce6757abe83e9bbfbe7381,0x60eac89f39b7c0f6882de207c1af51e5ebbdee8f,0x227da4b4b7fc8e550012ac9465964a8b31511e25,0xf340a351c8b571a85ab6c0387e438eb780e6a729,0x0000000000000000000000000000000000000000000000000a81698e01866ae4,757002271006812900,7.570022710068129e17,1
22816639,150,359,0x34ce7c74fd4e709063d819c3ab14642dda4bf18ad2ce6757abe83e9bbfbe7381,0x2513c95d1d405f5703633cb0622d48898df5633a,0xef315bbb66413232616ce97fe8619c2c89d85f34,0x4b314102f1c21c13a4d183516ff8b891d0754379,0x00000000000000000000000000000000000000000000000000000000566d3e80,1450000000,1450000000.0,1
22816639,150,360,0x34ce7c74fd4e709063d819c3ab14642dda4bf18ad2ce6757abe83e9bbfbe7381,0x2513c95d1d405f5703633cb0622d48898df5633a,0x2e3dc5c64f714316402b96690323efcbb87134aa,0x5c07417e7094c09bccd2288da09ce8a972cf4982,0x000000000000000000000000000000000000000000000000000000039fa088c0,15563000000,15563000000.0,1
22816639,150,361,0x34ce7c74fd4e709063d819c3ab14642dda4bf18ad2ce6757abe83e9bbfbe7381,0x2513c95d1d405f5703633cb0622d48898df5633a,0x31855d0eccf331962739d85e67be8f6f748cc28f,0xad904b4210b729dcddf1b90761c479df5e7cb472,0x00000000000000000000000000000000000000000000000000000006fc23ac00,30000000000,30000000000.0,1
22816639,150,362,0x34ce7c74fd4e709063d819c3ab14642dda4bf18ad2ce6757abe83e9bbfbe7381,0xbe51628936610e1c54ee627d6d0249c3e1bb89a0,0xb2a52bcc0f30ab2b51ba955e20a15ff6c3179197,0x3e27515727f3533ec061edfab140e7801cb49cab,0x00000000000000000000000000000000000000000000000000000000cf3f9290,3477050000,3477050000.0,1
22816639,150,363,0x34ce7c74fd4e709063d819c3ab14642dda4bf18ad2ce6757abe83e9bbfbe7381,0x712c5c8ee871bb20af57ea4b40d5c233b3bdb365,0x5401902278413a5e00d5561b619667551b510449,0xa62e3db683e62b72c2e90ecf99b4854fea29fb76,0x0000000000000000000000000000000000000000000000004c53ecdc18a60000,5500000000000000000,5.5e18,1
22816639,150,364,0x34ce7c74fd4e709063d819c3ab14642dda4bf18ad2ce6757abe83e9bbfbe7381,0x712c5c8ee871bb20af57ea4b40d5c233b3bdb365,0xd0506118b4f935d36f40dac4411f68211f2e36c6,0xdae5b7d035d45369315cfbdc06f86581840c8729,0x0000000000000000000000000000000000000000000000002b0533017d064000,3099940000000000000,3.09994e18,1
22816639,150,365,0x34ce7c74fd4e709063d819c3ab14642dda4bf18ad2ce6757abe83e9bbfbe7381,0xbe51628936610e1c54ee627d6d0249c3e1bb89a0,0x9d749b5732f8bb615004512ef083b374c58cddfb,0xd49eade3844b8728012863cbafb4a8986aa46391,0x000000000000000000000000000000000000000000000000000000069837e7d6,28323604438,28323604438.0,1
22816639,150,366,0x34ce7c74fd4e709063d819c3ab14642dda4bf18ad2ce6757abe83e9bbfbe7381,0xbe51628936610e1c54ee627d6d0249c3e1bb89a0,0x4d7af0defa36f6542d934badda459bd8d36b3c07,0x25ac17be41d4ee342ea5cb363410fcdc9e232a1a,0x000000000000000000000000000000000000000000000000000000004cb32aa3,1286810275,1286810275.0,1
22816639,150,367,0x34ce7c74fd4e709063d819c3ab14642dda4bf18ad2ce6757abe83e9bbfbe7381,0x712c5c8ee871bb20af57ea4b40d5c233b3bdb365,0x798d9f7faee46f62acb644e8c0473c2684ebea74,0x8d0cb6a0f1dfdb380e3750e9e929eac5cb8d3e64,0x000000000000000000000000000000000000000000000000008082162de77980,36171828790000000,3.617182879e16,1
22816639,150,368,0x34ce7c74fd4e709063d819c3ab14642dda4bf18ad2ce6757abe83e9bbfbe7381,0x2513c95d1d405f5703633cb0622d48898df5633a,0x73bb8a7fa03e244c2cef59b3bc2b7369ce0dce51,0x8c15ff3399ceec149779af9065ba16b9fb90264c,0x000000000000000000000000000000000000000000000000000000012a05f200,5000000000,5000000000.0,1
22816639,151,370,0x2a8c2147f486d12a9297a8588dc20bd2a3f61062684157ada788f7632261e308,0xc02aaa39b223fe8d0a0e5c4f27ead9083c756cc2,0x111111125421ca6dc452d289314280a0f8842a65,0x938625591adb4e865b882377e2c965f9f9b85e34,0x0000000000000000000000000000000000000000000000000090ea49f4636000,40790000000000000,4.079e16,1
22816639,151,371,0x2a8c2147f486d12a9297a8588dc20bd2a3f61062684157ada788f7632261e308,0x24a6a37576377f63f194caa5f518a60f45b42921,0x938625591adb4e865b882377e2c965f9f9b85e34,0xa7eaa5bbc14b7d19ad31b837e861d9e57d1fd068,0x00000000000000000000000000000000000000000000000d474351014f3d5cdb,244942710024422907099,2.449427100244229e20,1
22816639,152,374,0x8c8e26256ab08efa7a156e18cb3e5121ab3eb811bd38b83e02dcc6238ac1b861,0xc02aaa39b223fe8d0a0e5c4f27ead9083c756cc2,0xc0fa293f6d521892c6712ce8f4184b59b7ce4ef4,0x111111125421ca6dc452d289314280a0f8842a65,0x000000000000000000000000000000000000000000000000000e7afb9d01f859,4075870763481177,4075870763481177.0,1
22816639,152,376,0x8c8e26256ab08efa7a156e18cb3e5121ab3eb811bd38b83e02dcc6238ac1b861,0xdac17f958d2ee523a2206206994597c13d831ec7,0xe693425e1ba4219599fa11fa0043cf9d437bcf14,0xc0fa293f6d521892c6712ce8f4184b59b7ce4ef4,0x0000000000000000000000000000000000000000000000000000000000989680,10000000,10000000.0,1
22816639,153,378,0xcbc06668037f28a2203335721e10b4349f2e811f5947efe2335c7a94487b319e,0x28070931eea3990191a2f1cff4a06f4984954913,0x904a03c67366f12b9fa614daee772d90ab461b81,0xdd9d61517f1ea1c49bdf65dfb825a278ee7cbadc,0x0000000000000000000000000000000000000000000000000000000000000000,0,0.0,1
22816639,153,379,0xcbc06668037f28a2203335721e10b4349f2e811f5947efe2335c7a94487b319e,0x3d86277af9784a265a9875592dbd89a2f2a58352,0x52acc62a692448d98440b9362e0f5b9528aab621,0xf4634d029de4c60dbf8148b74772de793e596cbb,0x0000000000000000000000000000000000000000000000000000003339059800,220000000000,220000000000.0,1
22816639,153,380,0xcbc06668037f28a2203335721e10b4349f2e811f5947efe2335c7a94487b319e,0x9933b4aa202290ba026be277cb176673d99f0f71,0x9a40611ab0bf14e413c50884d1d02864b6ec438c,0xfc97b45ac78fee857b959d8331c9c5166f88f5f0,0x00000000000000000000000000000000000000000000000000107a4370a22363,4638029698442083,4638029698442083.0,1
22816639,153,381,0xcbc06668037f28a2203335721e10b4349f2e811f5947efe2335c7a94487b319e,0x28070931eea3990191a2f1cff4a06f4984954913,0xfa456715ef54460e1561d51c9a661ca3b0cddffa,0x060d93ecc83ef930d55a3703bae69b4ce6d49be5,0x0000000000000000000000000000000000000000000000000000002e90edd000,200000000000,200000000000.0,1
22816639,153,382,0xcbc06668037f28a2203335721e10b4349f2e811f5947efe2335c7a94487b319e,0x28070931eea3990191a2f1cff4a06f4984954913,0x851ed134db7b06fcf2a08a869d391e8b7d79a83b,0xcdb8f21d1c9ec8de1e13c659dd3712a7d018f43c,0x000000000000000000000000000000000000000000000000000000174271310e,99898962190,99898962190.0,1
22816639,153,383,0xcbc06668037f28a2203335721e10b4349f2e811f5947efe2335c7a94487b319e,0x9933b4aa202290ba026be277cb176673d99f0f71,0x2eb28a7cb470a0f40582383b13b0c4ccd851317c,0x2ebaaf6c029830be6ce8fe79f7ff57ffdc51317c,0x00000000000000000000000000000000000000000000000002c68af0bb140000,200000000000000000,2e17,1
22816639,153,384,0xcbc06668037f28a2203335721e10b4349f2e811f5947efe2335c7a94487b319e,0x28070931eea3990191a2f1cff4a06f4984954913,0xecd31d76113c6a83663ce1914e4286e749387dcf,0xa8b52cff29b5bdf4392b3ed5969a4f9cab75e792,0x0000000000000000000000000000000000000000000000000000001c05c6d100,120356000000,120356000000.0,1
22816639,153,385,0xcbc06668037f28a2203335721e10b4349f2e811f5947efe2335c7a94487b319e,0x3d86277af9784a265a9875592dbd89a2f2a58352,0xb5f8980e9708565b77c768c145084fa319443fc0,0xe98d989fc52310a8ea45c19fd107a1531fc40a6b,0x0000000000000000000000000000000000000000000000000000000005f5e100,100000000,100000000.0,1
22816639,153,386,0xcbc06668037f28a2203335721e10b4349f2e811f5947efe2335c7a94487b319e,0x28070931eea3990191a2f1cff4a06f4984954913,0xfe59379f1d661ef088a9fcc19d0b014d095b4e87,0xf31bbbe6ce147be64c08b9b58ee32280ff7f14b3,0x0000000000000000000000000000000000000000000000000000000003473bc0,55000000,55000000.0,1
22816639,153,387,0xcbc06668037f28a2203335721e10b4349f2e811f5947efe2335c7a94487b319e,0x28070931eea3990191a2f1cff4a06f4984954913,0xa00373fc3d8e3b0fb6827109f4e26ac42e898c2d,0xa00bcdaeb3a4ce983f3a7c728fde63e8fb898c2d,0x0000000000000000000000000000000000000000000000000000000cc255a400,54800000000,54800000000.0,1
22816639,153,388,0xcbc06668037f28a2203335721e10b4349f2e811f5947efe2335c7a94487b319e,0x9933b4aa202290ba026be277cb176673d99f0f71,0xa2986114a7717342410b3c6e7b0880cd012b71b3,0xbfaf081c3c8f1131afc7ba37c40f733d89d52e5b,0x00000000000000000000000000000000000000000000000002c68af0bb140000,200000000000000000,2e17,1
22816639,153,389,0xcbc06668037f28a2203335721e10b4349f2e811f5947efe2335c7a94487b319e,0x9933b4aa202290ba026be277cb176673d99f0f71,0x06a5f46ef82060f23613c7847fb6e2659e943a8c,0x28a9de6e681ab8c70ff8aba4f42777c6640c8d3f,0x000000000000000000000000000000000000000000000000110bbb39a8e35990,1228281179709594000,1.228281179709594e18,1
22816639,153,390,0xcbc06668037f28a2203335721e10b4349f2e811f5947efe2335c7a94487b319e,0x9933b4aa202290ba026be277cb176673d99f0f71,0xf1275d5a96ed528990e0e52b13955d25a6284a28,0x9124c82d3df0f2c141836c65c4e0a1b88d5b593a,0x000000000000000000000000000000000000000000000000276b251786596b04,2840404772955712260,2.8404047729557125e18,1
22816639,153,391,0xcbc06668037f28a2203335721e10b4349f2e811f5947efe2335c7a94487b319e,0x3d86277af9784a265a9875592dbd89a2f2a58352,0x1f375b14403d516ab1a50389bce05d3db290c254,0xcee270d22e8500ff13171cc8198709b13c37bf76,0x00000000000000000000000000000000000000000000000000000090741cd1a8,620423336360,620423336360.0,1
22816639,153,392,0xcbc06668037f28a2203335721e10b4349f2e811f5947efe2335c7a94487b319e,0x28070931eea3990191a2f1cff4a06f4984954913,0xfebcc7ffb755813e3370ee42de88e3e5d0fdeae8,0x51ca3a1be961c4db3514f4b512b9dfd333605af0,0x0000000000000000000000000000000000000000000000000000000401bee688,17209157256,17209157256.0,1
22816639,153,393,0xcbc06668037f28a2203335721e10b4349f2e811f5947efe2335c7a94487b319e,0xf6c5efcc9c819fca250fb8168f1b5b36d4b0b3ba,0xe9bd15656c881a0d9bef337fc006e1fbade7a248,0x4c17a42ff51b552b6c79e25dd8e5cb9c1a82a2b5,0x00000000000000000000000000000000000000000000000000000002c9b9b996,11974326678,11974326678.0,1
22816639,153,394,0xcbc06668037f28a2203335721e10b4349f2e811f5947efe2335c7a94487b319e,0xf6c5efcc9c819fca250fb8168f1b5b36d4b0b3ba,0xd91e676c06694719e10a2098200d3d56339e0747,0xd91996159bf9bbab9d7865216482d7ced09e0747,0x000000000000000000000000000000000000000000000000000000013ee28580,5350000000,5350000000.0,1
22816639,153,395,0xcbc06668037f28a2203335721e10b4349f2e811f5947efe2335c7a94487b319e,0x28070931eea3990191a2f1cff4a06f4984954913,0x505f99226ccba25ce9aeb923a455779cc4ea9b14,0x371e1736fadce98f0d665ddb20ff096c10c713af,0x0000000000000000000000000000000000000000000000000000000df84730f0,59999990000,59999990000.0,1
22816639,153,396,0xcbc06668037f28a2203335721e10b4349f2e811f5947efe2335c7a94487b319e,0x9933b4aa202290ba026be277cb176673d99f0f71,0x29fd9eac3511e304a753021394144cbdac593c9a,0x9d3aec2236af39c37f2fb6abf5ff2c20dd37a52a,0x0000000000000000000000000000000000000000000000000512d4de10cb0400,365588570000000000,3.6558857e17,1
22816639,153,397,0xcbc06668037f28a2203335721e10b4349f2e811f5947efe2335c7a94487b319e,0x28070931eea3990191a2f1cff4a06f4984954913,0x4cec7cbe7fca55c99ee777eba4e579d27682a506,0x4e1d6f2dfdce9d6656acf16e13eade553555055c,0x0000000000000000000000000000000000000000000000000000000000000000,0,0.0,1
22816639,153,398,0xcbc06668037f28a2203335721e10b4349f2e811f5947efe2335c7a94487b319e,0x28070931eea3990191a2f1cff4a06f4984954913,0x4174ec2ab4b2ac93686162db947d7ec4f5623819,0x35d9371e211555ec2652b44d63834b0506a2aa1e,0x0000000000000000000000000000000000000000000000000000000bfd851e80,51498000000,51498000000.0,1
22816639,153,399,0xcbc06668037f28a2203335721e10b4349f2e811f5947efe2335c7a94487b319e,0x3d86277af9784a265a9875592dbd89a2f2a58352,0xdb464985df75a4182094e6c9c5182c0f3e39b7de,0x854700eda20d16788426b5d1fdf069fa77087fa1,0x0000000000000000000000000000000000000000000000000000000ba43b7400,50000000000,50000000000.0,1
22816639,153,400,0xcbc06668037f28a2203335721e10b4349f2e811f5947efe2335c7a94487b319e,0x28070931eea3990191a2f1cff4a06f4984954913,0x3c8b08cc75fbaf0e83264a681c81f38c317df3b4,0x618cc09f68a057400cf865aed96425dc96e13313,0x0000000000000000000000000000000000000000000000000000000f01ae3013,64452702227,64452702227.0,1
22816639,153,401,0xcbc06668037f28a2203335721e10b4349f2e811f5947efe2335c7a94487b319e,0x28070931eea3990191a2f1cff4a06f4984954913,0xbbfd35fbcac3dfd16244eeed95b6cc4d436a6a6d,0x378cb8c74fdf5be3b91c6627afc963a0a9c2dff0,0x0000000000000000000000000000000000000000000000000000000008f0d180,150000000,150000000.0,1
22816639,153,402,0xcbc06668037f28a2203335721e10b4349f2e811f5947efe2335c7a94487b319e,0x28070931eea3990191a2f1cff4a06f4984954913,0x6a7740927460641a80f65851a9aad41b9667819d,0xb4b167c92bac30069b9cdb27d0bddeed0ca4e5a2,0x0000000000000000000000000000000000000000000000000000002e90edd000,200000000000,200000000000.0,1
22816639,153,403,0xcbc06668037f28a2203335721e10b4349f2e811f5947efe2335c7a94487b319e,0x28070931eea3990191a2f1cff4a06f4984954913,0xcd1ae14bfc536a2f52344b47fe12edbd9d39fe2f,0xc2a3a385e7fa170a0d655a7434638bfb03334f91,0x0000000000000000000000000000000000000000000000000000002e35ac9b40,198469000000,198469000000.0,1
22816639,153,404,0xcbc06668037f28a2203335721e10b4349f2e811f5947efe2335c7a94487b319e,0x9933b4aa202290ba026be277cb176673d99f0f71,0x9ca6583464ec6e1b2b0f4b308c3c11affc24bddc,0x2af2a7e0c4c05b79612e5c1d9e7beb96465ba40e,0x00000000000000000000000000000000000000000000000045555b87b1da0000,4996000000000000000,4.996e18,1
22816639,153,405,0xcbc06668037f28a2203335721e10b4349f2e811f5947efe2335c7a94487b319e,0x9933b4aa202290ba026be277cb176673d99f0f71,0xfe591d07c84648640f1e5fd034be87bbcdd0cb94,0x52a6f19b9badc6c7f04966ea03cd67efbfaab621,0x000000000000000000000000000000000000000000000005114bacb8c3840000,93480000000000000000,9.348e19,1
22816639,153,406,0xcbc06668037f28a2203335721e10b4349f2e811f5947efe2335c7a94487b319e,0x9933b4aa202290ba026be277cb176673d99f0f71,0x20fc9952ee3f9293716314b550bcbf74ced4b158,0x967ed6c9f2a6aa7d44fedf0819ef0c34a060dbf5,0x00000000000000000000000000000000000000000000000026de310c06ea6b70,2800729945996422000,2.800729945996422e18,1
22816639,154,408,0x8732631575f7cb14bd356bcc6a360fddc9c10596222a0cf6a4680d9f818363d3,0xa0b86991c6218b36c1d19d4a2e9eb0ce3606eb48,0xe0554a476a092703abdb3ef35c80e0d76d32939f,0x1111111254eeb25477b68fb85ed929f73a960582,0x000000000000000000000000000000000000000000000000000000004c0992a7,1275695783,1275695783.0,1
22816639,154,409,0x8732631575f7cb14bd356bcc6a360fddc9c10596222a0cf6a4680d9f818363d3,0xc02aaa39b223fe8d0a0e5c4f27ead9083c756cc2,0x5141b82f5ffda4c6fe1e372978f1c5427640a190,0xe0554a476a092703abdb3ef35c80e0d76d32939f,0x0000000000000000000000000000000000000000000000000737d634af3307f5,520119803750582261,5.201198037505823e17,1
22816639,154,411,0x8732631575f7cb14bd356bcc6a360fddc9c10596222a0cf6a4680d9f818363d3,0xa0b86991c6218b36c1d19d4a2e9eb0ce3606eb48,0x1111111254eeb25477b68fb85ed929f73a960582,0xf94b6ab4a14bd01328721b694d8d681a222c7901,0x000000000000000000000000000000000000000000000000000000004c0992a7,1275695783,1275695783.0,1
22816639,154,412,0x8732631575f7cb14bd356bcc6a360fddc9c10596222a0cf6a4680d9f818363d3,0xa0b86991c6218b36c1d19d4a2e9eb0ce3606eb48,0xf94b6ab4a14bd01328721b694d8d681a222c7901,0x0146dca5ed7fac1dd53a2791089e109645732e1c,0x000000000000000000000000000000000000000000000000000000004c0992a7,1275695783,1275695783.0,1
22816639,155,415,0x83aabdf72470df7e93ed5cc8330cdd1174054ed29bc4ec5acdce386ea3d6760c,0xd0ec028a3d21533fdd200838f39c85b03679285d,0x442c2a63209ec73e20ac630a66de8ed672a989c5,0x3846a94f817acb78fb983f8631e779e49cbe888f,0x0000000000000000000000000000000000000000000000020f5b1eaad8d80000,38000000000000000000,3.8e19,1
22816639,155,417,0x83aabdf72470df7e93ed5cc8330cdd1174054ed29bc4ec5acdce386ea3d6760c,0xd0ec028a3d21533fdd200838f39c85b03679285d,0x3846a94f817acb78fb983f8631e779e49cbe888f,0x8f0d9acbdf8dbeea67af639cbc995a9767e14488,0x0000000000000000000000000000000000000000000000020f5b1eaad8d80000,38000000000000000000,3.8e19,1
22816639,155,418,0x83aabdf72470df7e93ed5cc8330cdd1174054ed29bc4ec5acdce386ea3d6760c,0x8f0d9acbdf8dbeea67af639cbc995a9767e14488,0x0000000000000000000000000000000000000000,0x3846a94f817acb78fb983f8631e779e49cbe888f,0x0000000000000000000000000000000000000000000000020f5b1eaad8d80000,38000000000000000000,3.8e19,1
22816639,155,420,0x83aabdf72470df7e93ed5cc8330cdd1174054ed29bc4ec5acdce386ea3d6760c,0x3846a94f817acb78fb983f8631e779e49cbe888f,0x0000000000000000000000000000000000000000,0x442c2a63209ec73e20ac630a66de8ed672a989c5,0x0000000000000000000000000000000000000000000000020f5b1eaad8d80000,38000000000000000000,3.8e19,1
22816639,156,422,0x451982d60d4ac8457aa55627d50f412e001858bbc303522b47e422ea1d3f9295,0xd0ec028a3d21533fdd200838f39c85b03679285d,0xf0d99271cfaba388d7e1cef6eef0699d486dad8e,0x3846a94f817acb78fb983f8631e779e49cbe888f,0x000000000000000000000000000000000000000000000002a802f8630a240000,49000000000000000000,4.9e19,1
22816639,156,424,0x451982d60d4ac8457aa55627d50f412e001858bbc303522b47e422ea1d3f9295,0xd0ec028a3d21533fdd200838f39c85b03679285d,0x3846a94f817acb78fb983f8631e779e49cbe888f,0x8f0d9acbdf8dbeea67af639cbc995a9767e14488,0x000000000000000000000000000000000000000000000002a802f8630a240000,49000000000000000000,4.9e19,1
22816639,156,425,0x451982d60d4ac8457aa55627d50f412e001858bbc303522b47e422ea1d3f9295,0x8f0d9acbdf8dbeea67af639cbc995a9767e14488,0x0000000000000000000000000000000000000000,0x3846a94f817acb78fb983f8631e779e49cbe888f,0x000000000000000000000000000000000000000000000002a802f8630a240000,49000000000000000000,4.9e19,1
22816639,156,427,0x451982d60d4ac8457aa55627d50f412e001858bbc303522b47e422ea1d3f9295,0x3846a94f817acb78fb983f8631e779e49cbe888f,0x0000000000000000000000000000000000000000,0xf0d99271cfaba388d7e1cef6eef0699d486dad8e,0x000000000000000000000000000000000000000000000002a802f8630a240000,49000000000000000000,4.9e19,1
22816639,157,429,0x986502122bd11328140185b9cffe58ac984c5a3bca308b7bbd9c416c5b8c880e,0xe28b3b32b6c345a34ff64674606124dd5aceca30,0xd25ac4ea2bfad020735e0a63979926aa03e72aea,0x5141b82f5ffda4c6fe1e372978f1c5427640a190,0x0000000000000000000000000000000000000000000000000e2fc6137124bbcf,1022253427241302991,1.022253427241303e18,1
22816639,157,431,0x986502122bd11328140185b9cffe58ac984c5a3bca308b7bbd9c416c5b8c880e,0xe28b3b32b6c345a34ff64674606124dd5aceca30,0x5141b82f5ffda4c6fe1e372978f1c5427640a190,0xcfd59c0f530db36eea8ccbfe744f01fe3556925e,0x000000000000000000000000000000000000000000000000001d0ddf63358ab7,8178027417930423,8178027417930423.0,1
22816639,157,434,0x986502122bd11328140185b9cffe58ac984c5a3bca308b7bbd9c416c5b8c880e,0xc02aaa39b223fe8d0a0e5c4f27ead9083c756cc2,0xfbeedcfe378866dab6abbafd8b2986f5c1768737,0x5141b82f5ffda4c6fe1e372978f1c5427640a190,0x00000000000000000000000000000000000000000000000000100637ade7e5a5,4510435837994405,4510435837994405.0,1
22816639,157,435,0x986502122bd11328140185b9cffe58ac984c5a3bca308b7bbd9c416c5b8c880e,0xe28b3b32b6c345a34ff64674606124dd5aceca30,0x5141b82f5ffda4c6fe1e372978f1c5427640a190,0xfbeedcfe378866dab6abbafd8b2986f5c1768737,0x0000000000000000000000000000000000000000000000000e12b8340def3118,1014075399823372568,1.0140753998233725e18,1
22816639,160,442,0x7e91dde0d6cf21a93eeec685651e5cd182a7de968e35ca9b46308859c6617ab5,0xa0b86991c6218b36c1d19d4a2e9eb0ce3606eb48,0xb0e7122eedcdef25e6cdcdd8bbf1b68308a2d90b,0x5aa11655a666301cf9198ac020cc3c896e431152,0x0000000000000000000000000000000000000000000000000000000017d78400,400000000,400000000.0,1
22816639,161,443,0xbde221b6f83417af1b7cf7f3f395727b6506ce649f83ac7ec37eb1602cc4d790,0xdac17f958d2ee523a2206206994597c13d831ec7,0x5d651ad647cfab587b3ffa5a5480ea7712b045dd,0x21ce9bb267924aa74969d47e3dba92b4a9f58b5e,0x0000000000000000000000000000000000000000000000000000000005cfd460,97506400,97506400.0,1
22816639,163,445,0xc2bad8e87251cd7bf65a9c4ba3d121232a0e76611297413114def081294921ee,0xdac17f958d2ee523a2206206994597c13d831ec7,0xe0841831f425b7964f1674af03f2965830bb9182,0x359006dd51454c3bf1b5136146cf8dbd62058696,0x00000000000000000000000000000000000000000000000000000000493e003a,1228800058,1228800058.0,1
22816639,170,446,0xa728a278e15f056334331c55f2f8249449074147a762f418d7ef06865b1d2e87,0xa0b86991c6218b36c1d19d4a2e9eb0ce3606eb48,0x7fe497926d9c49184c0b8998fa12162f3a10d4a2,0x7b4576d06d0ce1f83f9a9b76bf8077bffd34fcb1,0x000000000000000000000000000000000000000000000000000000007d2b7500,2100000000,2100000000.0,1
