block_hash,block_number,timestamp,chain_id
0x51f0a0d663e971a9a5b8b335f7d850752d9374e9cf794b1e6c8626e2657fa5fd,18734975,1701958871,1
0x1ae7ac3d44ec27799c332c8c9abf9feef5a497ced0197167cce5b032ebf31d1f,18734976,1701958883,1
0xcb4488f00bfb19c6f922a58491ca75d0395c2caf8c9de46d1f55c35602d1543e,18734977,1701958895,1
0x004f76e5297a420b0fa9e1e07a1e90ce060e758b9edb0b29d42ccfb79afd2877,18734978,1701958907,1
0x9efcbf65d55fe17515e0b244bd02ccccb7f7555471ffed50c0a74e1a1c37ac56,18734979,1701958919,1
0x4af6f07792801d330d063462e8ee373543733e3b0a3909c7b516b3a8e45b7b37,18734980,1701958943,1
0x3fcfb0d4753663c14cdd5413d3fe92d1eae07e054946a0a79fb8897064af9d0a,18734981,1701958955,1
0x46983a80b01de77ecdc3865b56172a0b7f5d76b4206debc7b1cf7159927ec5c0,18734982,1701958967,1
0xa3a7139c4a5864020bafda08765f51f0b700ea980672f3b9c8c47878ee0592b2,18734983,1701958979,1
0xbebd19275b3271ff8b7082d394d0c035a6da0022d830c26dede247bf3673e324,18734984,1701958991,1
0x67105aa43b27c3619937fe8d8679c8200717377bce2e9ab3d7227b8b8c44c7b0,18734985,1701959003,1
0xdcb7d52326b56d647b998dbecd5e699dde94cd10f102244436aaafca7d68ee64,18734986,1701959015,1
0xb215f3d1852756f4c8a7c3ed9325b7bb19581b0d99fd3fe8ba71b00a6d7895ac,18734987,1701959027,1
0x1dbd84de9d56705de9197ea4195388ae2c93e09dea56784c2d4498802b126713,18734988,1701959039,1
0x6ceee86ab6fbc04eee538e9fe5b8cb54b0eedda4969c43b5415b6b80cf7abfc7,18734989,1701959063,1
0x4f403c6a6c2e2f4b7db960d90f10b96f5e862a34d38a09aa7e566f68e513a106,18734990,1701959075,1
0xc01d172f97d58d972662894933cc92e8578a45ccfc8910d60e6de4e969f82940,18734991,1701959087,1
0x6a4aff9127bd1b495ce24140bbe247e7a7572872d42a493b11842bfa490f0fab,18734992,1701959099,1
0x968b7e9ef2a86a5d2da590c83488435f70518d8cfc950ae2343a9c4f6870046c,18734993,1701959111,1
0x4a1a7a202e471038e120a6b7fbc7f82ff5cf984c661882e1a28bcc75a81153f0,18734994,1701959123,1
0x113730d6215a3e7e8909be79d89b6a2908fe9c7eff00b9b91b4cf1700bc35a34,18734995,1701959135,1
0x226b93984dd84cdb60c24962d53d85efbd0abd791a9afbb7fa185e9eda9d1e37,18734996,1701959147,1
0x69d7a70aa161dd5d7dfd17eaec9370e6345f907c35a0d720f157d1e9f1736368,18734997,1701959159,1
0xdea7d8668748e650ee6111147d7ffc692fb3bb1fffa87622b4a1184c366e6b30,18734998,1701959171,1
0x26016961e75be7893ca35c20ef030ebe95c8e94b2f3010ee009eb419467d2443,18734999,1701959183,1
0x102d0ea50d9b83d748dab17d09c9c125d5b8735cc611e68f0427bfebef2f91ab,18735000,1701959195,1
0x7289f4bbdf8aa5c4f5c6c92a9d1407fdd4a51efe537efeb03df1a928f3ef3d9f,18735001,1701959207,1
0xbd5a40f028eefccdc0e360efb274a148469b627170d948a4bd50f5f0f7bfa221,18735002,1701959219,1
0x1d769d933c4c917c22b1cfc9619e7f256f2538b2fb07754f2a28a701b24697b1,18735003,1701959231,1
0x510751edc3825249c612782e9b71c296f60abb939e10d0103e3de6f685ec1be6,18735004,1701959243,1
0x8c399dbceb0fbbbc4cd5eb3a886472989bc509b279191eb36f76ac4bcbcfe0b6,18735005,1701959255,1
0x075490e9425fd198e2ff38a1d5fd260fe4cef044a05d62ddf5d998b94ed96c3b,18735006,1701959267,1
0xd8286b0b9fc8103990435b0504306b8b4b4278c289ab7d2d46fa7fcf458261b1,18735007,1701959279,1
0xa693e197f6928bb8b06259e5151b102067ba5d17884912258574b5ab444ca4c7,18735008,1701959315,1
0x89849a39d02dac212bc31469dbac3171710eb695d0b618cf470ab417baccbe0c,18735009,1701959327,1
0x8e7f80745c5c74fb40cea512e57322d8f32135272800a9912c21797ecd6e2682,18735010,1701959339,1
0xd4f155c19f3193b84c55e468dbdbe028911bc4ec302d3b7459bc20c4df01d605,18735011,1701959351,1
0x06d928ecb732c85032ebe64a3e6aa7da44dcfccbf6fc3ee96546cd5da48376a6,18735012,1701959363,1
0xbc9e7757260727ea7c0680446ebd06ed8e8ff6e61c8d883e3c0bcdb59830b5f7,18735013,1701959375,1
0x2310de664b79f250167abf94a52059048d543c9979e8daa176f3c72318c91cbd,18735014,1701959387,1
0x5c8d4a7f9ec97d17ef49fc07c0fd0b782d8ccd07d4669b0a0f1f403602a11a26,18735015,1701959399,1
0x7d66161905f479c286c8054fe0239655445fb2f1e9a5c236640458536731d966,18735016,1701959411,1
0x8db792a947afd3c3778bb200c359733e09633db5f52a712603d831b760faedb5,18735017,1701959423,1
0x7d2caf2346dd3899900e1a0984fba0f662ce739b17cb1a3c557e599ae3ac43b8,18735018,1701959435,1
0x1d44a0b6d6cd2f92c9467708671f00c5346de775fed3fa100d798cb2bcd3b26d,18735019,1701959447,1
0xfce71a084e8fab67014a31a48149c354a6f2c57e51f5987a31ba681068cd6f19,18735020,1701959459,1
0x41b03e0e73ef8ff920c229ef297d8432bd11fb6cdf4e1ac2f3689da21ce2e4b3,18735021,1701959471,1
0xe386df14af9fecbfc91c3799d12de53f176b96922ef17a2d58f91603f6ce7f3d,18735022,1701959483,1
0x1ccc77d953758098f25ee495df7e84b857082002722994bc0c0ff628985b64a9,18735023,1701959495,1
0xf671b00049ab7bab99b4c79d9d86c09c16cafb076847951f9292fbd1b339dc77,18735024,1701959507,1
0xa38d02699712cb4daee3456f75e663cb532977c0a2180e048fe6fff417af1021,18735025,1701959519,1
0x573aa8ea3c73cb101cb20618e43fb106430b17ad96eaf8d6348bfe99689afdf8,18735026,1701959531,1
0xc7b708b85107d9fb0fe4e2080d4c4b9f39e4509783bab66189ac3a7e3912d53d,18735027,1701959543,1
0x79ac28d70a6e382a0f39cf660594e58972f047439be8b045db3e0a20430fbf9f,18735028,1701959555,1
0xf73c76e3f48750aced02d8ff451f6e5d25c9ded49e48c2ca83f42c32f5ff0615,18735029,1701959567,1
0xf6117a26de47118d194575d9e769b5abee1e5ff9a3013d183505cdbe4358cdf9,18735030,1701959579,1
0x5054a49ad83d0db82e1f36b877a61bb73bc7c5ed86c717731ff9338e08109f97,18735031,1701959591,1
0x43538dc7c017e3203fc3594619187e0e6ecfd10a7da3ba314baa8be2690dc0d6,18735032,1701959603,1
0xd3aa916703cacd5c7b7254725bbb1345fb2f096ae4b1201512982f6b5a3b8556,18735033,1701959615,1
0x13c856d50c83ad7b25e0d7948b88db4dc726557eb549d1f4394a7ac1920c2713,18735034,1701959627,1
0x482062fff077a92c6458ff5aebbd50a0f63ff0cd3f0dd644e421a19c92eddd26,18735035,1701959639,1
0x6c951ea544278e857ce6fa59946a9c94fef9bb527a9a3761e25758145def3d37,18735036,1701959651,1
0x952434ac20fa965aeefd6a34ffa75528052b22a8c4be8210c5f51645b6f55ae7,18735037,1701959663,1
0xce81668d008553d9638043c0a4a91ecf40bf886d73249f19ac6206d57e74c384,18735038,1701959675,1
0xd7c7c23aabf87731c0ed05082a2de260af14fa041a9d7255495477ab0dcb5824,18735039,1701959687,1
0x76c4f79b6007469076a074b6ef62ae70b9192f8e5c73343b6b6319c46019ec48,18735040,1701959699,1
0xd13fc5c4ba000b3785d900cc5a8cddfc490f6c0d769815b234dd780d775fe0db,18735041,1701959711,1
0x97324d2a6cf004a7c10d511a32bdd61d29c09a0c8844dc687d5a159acc0a3aba,18735042,1701959723,1
0x06550e78961107d2756401a3784b6c8a81d8bc1f63bdabe51348aba43ecc882c,18735043,1701959735,1
0x3a70f23d78481584768a9f62a812737bd3c81343db08ae5372bd30b504235770,18735044,1701959747,1
0xc59d9ad3444b0352c36f3ec7e3a3561bbc90d9118232159bdbf82e28c694bce2,18735045,1701959759,1
0xd611033a7769913ba0e8abdc8ae0ab0fee224435c5127bf701a615bccac6a140,18735046,1701959771,1
0x2a4448fe72e37c169868e37ea4fce71789c31ecc9108cf1eea47c444d2221074,18735047,1701959783,1
0x6ce066a304e334c6a98154b51f2a1b24edf749467424a92a2ed2923d005899eb,18735048,1701959795,1
0xbc293dc0e8d0a61f24256433f7faaf2a8e754a5557d9da9f8e5c61a44db7896c,18735049,1701959807,1
0x8b61389b7b18d739fff014ce14638307c0531cbea313fac211d7bb7a918e4a96,18735050,1701959819,1
0x057e610ad3ab06ad1ee68d5d324d2a9705e3b48daea6eafaa46a34b094798580,18735051,1701959831,1
0x8eb03523b2dc67adfb0f61c4fd5168b70b86b78c5256362cd35d1ee0f06df184,18735052,1701959843,1
0x2432edd1cd7de1a917fceb8acd084e724fa10bb7d2aaa3d372024b6baf424be6,18735053,1701959855,1
0x6f3348d8ff0f1f3f54c160e8ce06bdf41731600db1049e858294080929e095c9,18735054,1701959867,1
0x4be0fa3f16c6af4f4afc37174a2cbd81437e53c3ec7092b34d4b239323979cbe,18735055,1701959879,1
0x98d31de1e96891f6369be6ef63a4546fb86cb7abbbeea5c48e518ea5f3336a4d,18735056,1701959891,1
0x8b6dafe93ca42ca9ddd08c5292f955202b9ca764c4e755ad8bef0ceb09bc6950,18735057,1701959903,1
0xd439d96989649bf5da7b6691ecce274431b489e00535de2673595a195ddc8fc4,18735058,1701959915,1
0x0b3a7af5f5e00314487f24db3266c83ce9ff922c1785bf552a96bdca600509ce,18735059,1701959927,1
0x6d7c8c8c27d510e11eecba8a26752e563eb96f30ded8f17be352d9e365bd9664,18735060,1701959939,1
0x7a9db52bc8a498b668a3a4d4f62431a62b7c3f839300e8ca3f016f9f05cbecf1,18735061,1701959951,1
0xeb2374fe581d6527035f75cae6f50561a1a8c6607da399fd9263bb9086168254,18735062,1701959963,1
0x1c9991fe0e7710609af3a20b016d2dc248ab193490a2d6a1c49658cfed5d917f,18735063,1701959975,1
0x3f17bbea51880a77b5dadc60880ad5694846c3eb56db6e4ebebf1daea43f02a3,18735064,1701959987,1
0xaa44d4fb1ba69ec55dbc42d11d5671e4d129798d8c3afd55bfbe60fb885cd7dc,18735065,1701959999,1
0x32aab794b75426ab5186f93064ced874846641713dcf904e6621c32478d52439,18735066,1701960011,1
0xfddf74aca180882ad494fd3bb36adca7d126a840f1eb1ea0be21da5c2012adeb,18735067,1701960023,1
0xa7b56776ccf838f6721b9826708f6f5b909f1446088cc0bdcc57e6172d0d48f2,18735068,1701960035,1
0x3278f35268303de79fcbe4aefb63d2204166f921449b871544450d3ec155e1c1,18735069,1701960047,1
0xe3d0283318f4b7293d213631b250afb7b73d0c0fbec175861a38322fd53762bc,18735070,1701960059,1
0x3408ff9e0ea437efbb9a417724bfacabc3ef282359edaa1d91dca157c4121d34,18735071,1701960071,1
0x3635decfbdb3361236fb95ecd04df60a28cac24aa6271e367315b5404b44ebe3,18735072,1701960083,1
0x0c5ea860f1e63a4c13811a095c13885e149a8d0ce3b77c7d114111107e67745f,18735073,1701960095,1
0x8a7886ba7c249fc99a0c07ed6dfe906980221267bf9865a20c726c3c7a0951d2,18735074,1701960107,1
